/*
Navicat MySQL Data Transfer

Source Server         : SSM
Source Server Version : 50527
Source Host           : localhost:3306
Source Database       : cms

Target Server Type    : MYSQL
Target Server Version : 50527
File Encoding         : 65001

Date: 2020-02-19 15:23:41
*/

SET FOREIGN_KEY_CHECKS=0;

-- ----------------------------
-- Table structure for `cms_article`
-- ----------------------------
DROP TABLE IF EXISTS `cms_article`;
CREATE TABLE `cms_article` (
  `id` int(11) NOT NULL AUTO_INCREMENT,
  `title` varchar(200) DEFAULT NULL COMMENT '标题',
  `content` longtext COMMENT '文章内容',
  `picture` varchar(200) DEFAULT NULL COMMENT '标题图片',
  `channel_id` int(11) DEFAULT NULL COMMENT '所属栏目',
  `category_id` int(11) DEFAULT NULL COMMENT '所属分类',
  `user_id` int(11) DEFAULT NULL COMMENT '文章发布人',
  `hits` int(11) DEFAULT NULL,
  `hot` int(11) DEFAULT NULL,
  `status` int(11) DEFAULT NULL COMMENT '0,刚发布,1审核通过,-1 审核未通过',
  `deleted` int(11) DEFAULT NULL COMMENT '0:正常,1:删除',
  `created` datetime DEFAULT NULL,
  `updated` datetime DEFAULT NULL,
  `summary` text,
  `content_type` int(11) DEFAULT '0' COMMENT '文章类型: 1:html 2:image',
  `keywords` varchar(100) DEFAULT NULL,
  `original` varchar(100) DEFAULT NULL,
  `complain_num` int(11) DEFAULT NULL,
  PRIMARY KEY (`id`),
  KEY `FK_CMS_ARTI_REFERENCE_CMS_USER` (`user_id`),
  KEY `FK_CMS_ARTI_REFERENCE_CMS_CHAN` (`channel_id`),
  KEY `FK_CMS_ARTI_REFERENCE_CMS_CATE` (`category_id`),
  CONSTRAINT `cms_article_ibfk_1` FOREIGN KEY (`category_id`) REFERENCES `cms_category` (`id`),
  CONSTRAINT `cms_article_ibfk_2` FOREIGN KEY (`channel_id`) REFERENCES `cms_channel` (`id`),
  CONSTRAINT `cms_article_ibfk_3` FOREIGN KEY (`user_id`) REFERENCES `cms_user` (`id`)
) ENGINE=InnoDB AUTO_INCREMENT=280 DEFAULT CHARSET=utf8;

-- ----------------------------
-- Records of cms_article
-- ----------------------------
INSERT INTO `cms_article` VALUES ('1', '雷军的股市往事：A股火爆身家一天暴涨150亿，港股破发说大势不好', '<p style=\"color:#222222;font-family:&quot;font-size:16px;background-color:#FFFFFF;\">\n	上市首日，金山办公与其母公司金山软件的股价变动，堪称一首离奇的“冰与火之歌”。\n</p>\n<p style=\"color:#222222;font-family:&quot;font-size:16px;background-color:#FFFFFF;\">\n	这边在A股，研发销售WPS的子公司金山办公开盘即大涨，截至收盘，涨幅175.5%，市值近600亿元；那边在港股，除持有金山办公67.5%股权外，另有猎豹移动、金山云、西山居三家子公司的金山软件股价大跌近7%，市值244亿港元（约219亿元）。此外，小米科技也在当天微跌了0.35%。\n</p>\n<p style=\"color:#222222;font-family:&quot;font-size:16px;background-color:#FFFFFF;\">\n	悬殊的差距不禁让人感叹，究竟是港股太冷淡，还是A股太热情？还有人调侃，早知A股如此人傻钱多，雷军又何必让小米经历上市首日破发，市值蒸发44.75亿港元的惨剧。\n</p>\n<p style=\"color:#222222;font-family:&quot;font-size:16px;background-color:#FFFFFF;\">\n	《科创板日报》援引市场分析师观点称，二者间的巨大落差，体现了不同市场环境下，不同的投资理念、投资偏好以及投资兴趣。\n</p>\n<p style=\"color:#222222;font-family:&quot;font-size:16px;background-color:#FFFFFF;\">\n	不过对雷军来说，虽然作为实控人，苦心经营二十年才得以在A股敲钟，但作为投资人，A股早已为其带来丰厚回报。据铅笔道今年5月不完全统计，科创板受理的106家企业中，有8家与雷军或小米有关。而据雷军称，除金山办公外，金山云也在IPO的路上。\n</p>\n<div class=\"pgc-img\" style=\"margin:0px;padding:0px;font-size:16px;color:#222222;font-family:&quot;background-color:#FFFFFF;\">\n	<img src=\"http://p1.pstatp.com/large/pgc-image/622da1ccda6641808c47491380875869\" alt=\"雷军股市往事：A股火爆身家一天暴涨150亿，港股破发说大势不好\" />\n</div>\n<p style=\"color:#222222;font-family:&quot;font-size:16px;background-color:#FFFFFF;\">\n	<span style=\"font-weight:700;\">港股A股的冰与火之歌</span>\n</p>\n<p style=\"color:#222222;font-family:&quot;font-size:16px;background-color:#FFFFFF;\">\n	对于金山办公的600亿市值，直到上市次日，各方仍争论不休。\n</p>\n<p style=\"color:#222222;font-family:&quot;font-size:16px;background-color:#FFFFFF;\">\n	支持方认为，估值估得是对未来收益的想象，作为互联网企业，金山办公月活跃用户3亿多人，在用户规模方面仍有想象空间，因此估值较硬件企业更高。批评方则认为，金山办公所处行业已相当成熟，无论营收、利润还是市场，都基本可知。“这样的公司居然还给到200倍市盈率，科创板真是太疯狂了。”\n</p>\n<p style=\"color:#222222;font-family:&quot;font-size:16px;background-color:#FFFFFF;\">\n	其实，相比今年7月开板，主打“硬科技”的科创板估值已经谨慎许多。7月首批企业上市时，科创板25家公司多数股价翻番，最大涨幅400%，平均涨幅140%，首日成交近500亿元，市场一片狂热。还有不少投资者称，在科创板打新是躺着赚钱，稳赚不赔。\n</p>\n<p style=\"color:#222222;font-family:&quot;font-size:16px;background-color:#FFFFFF;\">\n	反观港股，境况则惨淡许多。小米上市前，雷军曾高调表示，小米是一家全球罕见的全能型公司，估值应为腾讯乘苹果的估值。但实际上，对于小米是硬件企业还是互联网企业，外界心存疑虑，市场反应也相当冷淡。\n</p>\n<p style=\"color:#222222;font-family:&quot;font-size:16px;background-color:#FFFFFF;\">\n	上市首日，小米股价破发，市值蒸发约44.75亿港元（约人民币37.11亿元），雷军不得不在现场尴尬表示，“今天大势不好，相信长期表现会越来越好。”\n</p>\n<p style=\"color:#222222;font-family:&quot;font-size:16px;background-color:#FFFFFF;\">\n	但更为尴尬的是，此后小米股价持续走低。曾有小米员工称：当时我有两个选择，阿里和小米。阿里承诺给我4000股，但小米的期权更吸引我，同时我觉得雷总是个有激情、有事业心的人，所以几乎没有犹豫，就去了小米，结果......\n</p>\n<p style=\"color:#222222;font-family:&quot;font-size:16px;background-color:#FFFFFF;\">\n	在上市一年多后，小米的股价跌去36%，雷军的身家也从前20名被甩到了百名开外。截至11月19日收盘，小米股价报8.56港元，与17港元的发行价相比折去一半。\n</p>\n<p style=\"color:#222222;font-family:&quot;font-size:16px;background-color:#FFFFFF;\">\n	福布斯实时富豪榜显示，截至11月20日早7点，雷军的身家为83亿美元，排在全球第210位。\n</p>\n<div class=\"pgc-img\" style=\"margin:0px;padding:0px;font-size:16px;color:#222222;font-family:&quot;background-color:#FFFFFF;\">\n	<img src=\"http://p1.pstatp.com/large/pgc-image/2967a66f23fd44c5a4f3c9f936084ebd\" alt=\"雷军股市往事：A股火爆身家一天暴涨150亿，港股破发说大势不好\" />\n</div>\n<p style=\"color:#222222;font-family:&quot;font-size:16px;background-color:#FFFFFF;\">\n	<span style=\"font-weight:700;\">雷军的英雄梦想价值600亿？</span>\n</p>\n<p style=\"color:#222222;font-family:&quot;font-size:16px;background-color:#FFFFFF;\">\n	虽然相比港股，曾经的科创板的确众星捧月，但时至今日，科创板已陆续出现破发现象，首日涨幅也趋于平稳。\n</p>\n<p style=\"color:#222222;font-family:&quot;font-size:16px;background-color:#FFFFFF;\">\n	热情褪去后，金山办公仍能拿下近600亿估值，外界认为与雷军反复宣讲的“三十年梦想与青春”“要当民族软件排头兵”不无关系。\n</p>\n<p style=\"color:#222222;font-family:&quot;font-size:16px;background-color:#FFFFFF;\">\n	无论是夸赞还是讽刺，雷军一向被认为是营销高手。\n</p>\n<p style=\"color:#222222;font-family:&quot;font-size:16px;background-color:#FFFFFF;\">\n	荣耀手机总裁赵明曾在反击雷军“过去五年，不论友商如何黑我，我都没有回应过，但我这次是真急了，总之就是一句话——生死看淡，不服就干！”时称，这话很像当年看古惑仔电影，还称雷军为营销高手，是学习的榜样。\n</p>\n<p style=\"color:#222222;font-family:&quot;font-size:16px;background-color:#FFFFFF;\">\n	而对善于营销的评价，雷军曾半开玩笑地说：我作为20多年的工程师，被人说只会营销，而董明珠销售出身，天天在外面说她有核心科技。董则回应：格力要向雷军学习如何用互联网思维搞营销，股票从上市的17块，到8块10块，而格力的1万元原始股，已经涨到了3000万元。\n</p>\n<div class=\"pgc-img\" style=\"margin:0px;padding:0px;font-size:16px;color:#222222;font-family:&quot;background-color:#FFFFFF;\">\n	<img src=\"http://p1.pstatp.com/large/pgc-image/78d0c784624447c0b04df3003c59a22a\" alt=\"雷军股市往事：A股火爆身家一天暴涨150亿，港股破发说大势不好\" />\n</div>', '2_glowingbeaches_greece.jpg', '1', '1', '160', '5', '1', '1', '0', '2019-11-20 09:58:31', '2019-11-20 09:58:31', null, '0', null, null, null);
INSERT INTO `cms_article` VALUES ('2', '卖电动车赚钱的有多难？', '<div class=\"pgc-img\" style=\"margin:0px;padding:0px;font-size:16px;color:#222222;font-family:&quot;background-color:#FFFFFF;\">\n	<img src=\"http://p1.pstatp.com/large/pgc-image/bd02634175834cd6963ed1ae982b8bd0\" alt=\"卖电动车赚钱有多难？\" />\n</div>\n<p style=\"color:#222222;font-family:&quot;font-size:16px;background-color:#FFFFFF;\">\n	新能源汽车虽然是大势所趋，但发展的每一个过程总是充满不确定性，总有新的问题等待解决。\n</p>\n<p style=\"color:#222222;font-family:&quot;font-size:16px;background-color:#FFFFFF;\">\n	新能源补贴政策是否合理、新能源如何顺利进入市场化、新能源安全事故如何规避……在摸索前进中，新能源汽车接到了市场抛来的一系列问题。\n</p>\n<p style=\"color:#222222;font-family:&quot;font-size:16px;background-color:#FFFFFF;\">\n	如今，随着新能源补贴逐渐淡出、外资企业涌入、造车新势力企业的市场化阶段来临，市场又向新能源车企抛出了一个新的问题——依靠卖新能源车，能否赚钱呢？\n</p>\n<p style=\"color:#222222;font-family:&quot;font-size:16px;background-color:#FFFFFF;\">\n	盈利的冰火两重天\n</p>\n<p style=\"color:#222222;font-family:&quot;font-size:16px;background-color:#FFFFFF;\">\n	对于发展新能源车能否实现盈利的话题，身处于时代洪流中的新能源车企们正在用亲身经历书写着自己的答案。\n</p>\n<div class=\"pgc-img\" style=\"margin:0px;padding:0px;font-size:16px;color:#222222;font-family:&quot;background-color:#FFFFFF;\">\n	<img src=\"http://p1.pstatp.com/large/pgc-image/bb1ad88dbbd74ad09bebdc132bf0f318\" alt=\"卖电动车赚钱有多难？\" />\n</div>\n<p style=\"color:#222222;font-family:&quot;font-size:16px;background-color:#FFFFFF;\">\n	今年十月，戴森突然宣布终止造车计划，其给出的理由是“该项目在商业上不可行”。在宣布这个决定之前，戴森已经涉足造车事业四年，并持续投入了180亿元，其首款电动车原本预计在2021年推出。\n</p>\n<p style=\"color:#222222;font-family:&quot;font-size:16px;background-color:#FFFFFF;\">\n	戴森认为造车并不难，难在很难找到适合的盈利模式。有分析师指出，“戴森的电动车根据其成本估算价格不菲，因此很难找到合适且充足的消费群体。”\n</p>\n<p style=\"color:#222222;font-family:&quot;font-size:16px;background-color:#FFFFFF;\">\n	无独有偶的是，还在造车上“苦苦挣扎”的蔚来遇到了和戴森一样的问题——盈利乏力。蔚来李斌亲口公布，截止到今年6月份，蔚来已经亏损了大约220亿人民币。受此影响，蔚来股价一度跌破2美元，如今其子公司也被列入了经营异常目录。\n</p>\n<div class=\"pgc-img\" style=\"margin:0px;padding:0px;font-size:16px;color:#222222;font-family:&quot;background-color:#FFFFFF;\">\n	<img src=\"http://p3.pstatp.com/large/pgc-image/da99221fa7df4633bc3ce186ff02b268\" alt=\"卖电动车赚钱有多难？\" />\n</div>\n<p style=\"color:#222222;font-family:&quot;font-size:16px;background-color:#FFFFFF;\">\n	几年前，刚刚涉足汽车圈的李斌对造车花费的粗略估算是200亿元，然而几年过去，烧掉了220亿元的蔚来还在死磕用户体验，依然没能找到一条“可持续发展的道路”。\n</p>\n<p style=\"color:#222222;font-family:&quot;font-size:16px;background-color:#FFFFFF;\">\n	如果从仅仅从卖车盈利的商业模式来看，蔚来似乎已经陷入了盈利的死胡同。从批量交付至今，蔚来共交付了26215辆车，如果按照220亿亏损来算，相当于蔚来每卖出一辆车，便亏损83.92万。当然，这个“单车亏损”数字并不具备参考意义，但却也能从一个侧面反映出当前蔚来的窘境。\n</p>\n<div class=\"pgc-img\" style=\"margin:0px;padding:0px;font-size:16px;color:#222222;font-family:&quot;background-color:#FFFFFF;\">\n	<img src=\"http://p3.pstatp.com/large/pgc-image/115d6f8d2ef34e628b59564b9f5942e7\" alt=\"卖电动车赚钱有多难？\" />\n</div>\n<p style=\"color:#222222;font-family:&quot;font-size:16px;background-color:#FFFFFF;\">\n	汽车是一个对规模化要求颇高的产业，在蔚来的销量没有达到一定规模的当下，实现盈利还有很长的路需要走。\n</p>\n<p style=\"color:#222222;font-family:&quot;font-size:16px;background-color:#FFFFFF;\">\n	而盈利的难题不仅只针对造车新势力企业，在补贴退坡的近况下，传统车企面对每况愈下的收益数字泛起了难色。\n</p>\n<p style=\"color:#222222;font-family:&quot;font-size:16px;background-color:#FFFFFF;\">\n	最新的第三季度财报显示，包括北汽新能源、比亚迪、上汽集团在内的自主新能源第一阵营企业，均因为补贴退坡拉低了盈利水平。对补贴更为依赖的江淮之流更是生存现状堪忧。\n</p>\n<div class=\"pgc-img\" style=\"margin:0px;padding:0px;font-size:16px;color:#222222;font-family:&quot;background-color:#FFFFFF;\">\n	<img src=\"http://p3.pstatp.com/large/pgc-image/7044959a7bcd47af9c063fe9e6bb88ee\" alt=\"卖电动车赚钱有多难？\" />\n</div>\n<p style=\"color:#222222;font-family:&quot;font-size:16px;background-color:#FFFFFF;\">\n	北汽蓝谷公布的第三季度财报显示，北汽新能源归属于上市公司股东的净利润却由盈转亏，第三季度净亏损额为3.67亿元。并且，受新能源补贴退坡幅度较大影响，北汽蓝谷预计“全年净利润将可能产生亏损”；同样受到补贴退坡的影响，比亚迪今年第三季度归属于上市公司股东的净利润为1.20亿元，同比下88.58%。\n</p>\n<p style=\"color:#222222;font-family:&quot;font-size:16px;background-color:#FFFFFF;\">\n	北汽新能源与比亚迪是中国新能源发展的前期探索中，是积极的践行者。但随着补贴的退坡，两家企业无论是在销量还是在利润上无一不受补贴退坡的直接影响。\n</p>\n<div class=\"pgc-img\" style=\"margin:0px;padding:0px;font-size:16px;color:#222222;font-family:&quot;background-color:#FFFFFF;\">\n	<img src=\"http://p3.pstatp.com/large/pgc-image/76060971295e4e5fbb1ac16d028f4404\" alt=\"卖电动车赚钱有多难？\" />\n</div>\n<p style=\"color:#222222;font-family:&quot;font-size:16px;background-color:#FFFFFF;\">\n	这也直接显示了，在市场化运作中，即便是传统车企也难以通过卖车来实现企业盈利，它们必须找到新能源市场生存的新的商业模式。\n</p>\n<p style=\"color:#222222;font-family:&quot;font-size:16px;background-color:#FFFFFF;\">\n	不过再残酷的市场竞争中，也有相对的优胜者诞生。从盈利层面来看，新能源车企中实现国产的特斯拉盈利有望。\n</p>\n<p style=\"color:#222222;font-family:&quot;font-size:16px;background-color:#FFFFFF;\">\n	特斯拉第三季度财报显示，其归属于普通股股东的净利润为1.43亿美元，与去年同期相比减少54%。这是特斯拉成立以来第五次实现盈利，消息一出，特斯拉股价应声大涨。\n</p>\n<div class=\"pgc-img\" style=\"margin:0px;padding:0px;font-size:16px;color:#222222;font-family:&quot;background-color:#FFFFFF;\">\n	<img src=\"http://p1.pstatp.com/large/pgc-image/8334b6ef380642eba08375f769361273\" alt=\"卖电动车赚钱有多难？\" />\n</div>\n<p style=\"color:#222222;font-family:&quot;font-size:16px;background-color:#FFFFFF;\">\n	而目前特斯拉已经在上海实现国产，为特斯拉未来进一步盈利打下了坚实基础。根据摩根士丹利的分析师称，有鉴于上海工程的劳动成本仅为特斯拉美国加州工厂的十分之一和其他削减成本的措施，特斯拉中国的汽车销售利润率可以达到30%左右，与豪华品牌保时捷的利润率相当。\n</p>\n<p style=\"color:#222222;font-family:&quot;font-size:16px;background-color:#FFFFFF;\">\n	除了特斯拉之外，刚刚在中国投放首款电动产品EQC的奔驰也对电动车的盈利表现出足够的信心。\n</p>\n<p style=\"color:#222222;font-family:&quot;font-size:16px;background-color:#FFFFFF;\">\n	北京梅赛德斯-奔驰销售服务有限公司销售与市场营销首席运营官段建军在接受采访时表示：“卖电动车还是能够盈利的，我们也有信心把电动车做好，让我们的客户满意。”\n</p>', 'fdsfsdfsdfsdfsfsfds.jpg', '4', '13', '160', '0', '1', '1', '1', '2019-11-20 09:59:32', '2019-11-20 09:59:32', null, '0', null, null, null);
INSERT INTO `cms_article` VALUES ('3', '假5G被曝光之后，美国仍面临三大障碍！中国已建成87000个5G基站', '<blockquote class=\"article-blockquote\" style=\"font-size:16px;color:#707070;background:#FFFFFF;text-align:justify;font-family:&quot;\">\n	<p>\n		目前，随着各国都在加紧对5G网络的部署，一直想在5G领域拿到重要地位的美国，似乎却在其5G的部署进程中遇到了阻碍。<span style=\"font-weight:700;\">据媒体11月19日报道，美国媒体在18日指出，目前美国5G面临关键时刻，而美国的5G频谱规划还存在着诸多的争议</span>。据悉，美国通信委员会（FCC）与美国卫星通讯服务行业都在争夺5G的C频段频谱的使用权。\n	</p>\n</blockquote>\n<p style=\"color:#222222;font-family:&quot;font-size:16px;background-color:#FFFFFF;\">\n	据报道，目前美国的无线运营商都在呼吁FCC将这段频谱能够用于5G，但是FCC需要与使用这段频谱提供电视广播服务的卫星公司进行协调。<span style=\"font-weight:700;\">有分析指出，随着FCC把C频段频谱大量用于5G领域，此举会损害美国卫星通讯服务商利益并且可能会遭到起诉。</span>\n</p>\n<div class=\"pgc-img\" style=\"margin:0px;padding:0px;font-size:16px;color:#222222;font-family:&quot;background-color:#FFFFFF;\">\n	<img src=\"http://p1.pstatp.com/large/pgc-image/b4cdd66bf0084475b90608145cd76f93\" alt=\"假5G被曝光之后，美国仍面临三大障碍！中国已建成87000个5G基站\" />\n</div>\n<p style=\"color:#222222;font-family:&quot;font-size:16px;background-color:#FFFFFF;\">\n	<span style=\"font-weight:700;\">事实上，对于在5G建设一波三折的美国来说，这已经不是其在5G领域第一次起内部冲突。</span>据报道，去年12月份，为了争得首先发布5G的头衔，美国电信运营商AT&amp;T在全美12个城市推出了一项名为\"5GE\"的网络服务。随后，因为其费用高，且实际运行速度与4G网络没有较大区别，此举被其竞争对手以及众多消费者投诉为\"假5G\"。\n</p>\n<p style=\"color:#222222;font-family:&quot;font-size:16px;background-color:#FFFFFF;\">\n	<span style=\"font-weight:700;\">值得一提的是，由于在5G网络建设需要投入大量成本，美国主要运营商的手头资金状况也不容乐观。</span>数据显示，截至2018年底，Verizon持有约120亿美元债务，AT＆T持有约175亿美元债务，T-Mobile持有约25亿美元的债务，而Sprint持有约400亿美元的债务，这些负债使运营商在5G网络的建设和推广上面临另一大障碍。\n</p>\n<div class=\"pgc-img\" style=\"margin:0px;padding:0px;font-size:16px;color:#222222;font-family:&quot;background-color:#FFFFFF;\">\n	<img src=\"http://p1.pstatp.com/large/pgc-image/00a735cb24e740e489c241f8f2d0912f\" alt=\"假5G被曝光之后，美国仍面临三大障碍！中国已建成87000个5G基站\" />\n</div>\n<p style=\"color:#222222;font-family:&quot;font-size:16px;background-color:#FFFFFF;\">\n	此外，在我国5G部署顺利开展之下，近日，据中国信息通信研究院消息，目前我国已建成5G基站8.7万个，预计今年年底，全国还将开通超过13万座5G基站。而美国仅仅计划在2020年新建5万个5G基站。<span style=\"font-weight:700;\">分析指出，5G基站数量的差异将使得中国和美国5G进展差距越来越大。</span>\n</p>\n<div class=\"pgc-img\" style=\"margin:0px;padding:0px;font-size:16px;color:#222222;font-family:&quot;background-color:#FFFFFF;\">\n	<img src=\"http://p1.pstatp.com/large/pgc-image/c84fff69eaa14f82856f74a883655721\" alt=\"假5G被曝光之后，美国仍面临三大障碍！中国已建成87000个5G基站\" />\n</div>\n<p style=\"color:#222222;font-family:&quot;font-size:16px;background-color:#FFFFFF;\">\n	不难想象，在当下面临5G族谱规划不合理、电信运营商存在债务问题以及5G基站数量远远不足这三大障碍的情况下，美国想在5G建设中拔得头筹，或许还有很长的路要走。\n</p>', '40.jpg', '1', '2', '168', '0', '1', '-1', '0', '2019-11-20 11:02:44', '2019-11-20 11:02:44', null, '0', null, null, null);
INSERT INTO `cms_article` VALUES ('4', '111', '111', '12_ingoscholtes_uk.jpg', '3', '9', '168', '0', '0', '1', '1', '2019-11-21 10:04:54', '2019-11-21 10:04:54', null, '0', null, null, null);
INSERT INTO `cms_article` VALUES ('5', 'aaa', 'aaa', '12_glowingbeaches_nz.jpg', '3', '9', '168', '0', '0', '1', '1', '2019-11-21 10:29:31', '2019-11-21 10:29:31', null, '0', null, null, null);
INSERT INTO `cms_article` VALUES ('6', '1707E图片集', '[{\"url\":\"e487338d-ac0b-4c67-ae7e-965ab9554541.jpg\",\"descr\":\"111\"},{\"url\":\"881e610e-49c0-4d98-9a86-50116f4b5cf1.jpg\",\"descr\":\"222\"},{\"url\":\"05cdf03e-bb71-453e-b5db-78bc6660ad5b.jpg\",\"descr\":\"333\"}]', '9f299e04f92eef4158a3fdd1c158c65b.jpg', null, null, '168', '0', '0', '1', '0', '2019-11-22 16:14:13', '2019-11-22 16:14:13', null, '1', null, null, null);
INSERT INTO `cms_article` VALUES ('7', '1708E', '[{\"url\":\"9847914d-a30f-4fac-86d4-823c5cff4b5c.jpg\",\"descr\":\"111\"},{\"url\":\"8e905bc5-e478-4ba5-8b0b-f030b1f3e199.jpg\",\"descr\":\"222\"}]', '8_ingoscholtes_sweden.jpg', null, null, '168', '0', '0', '1', '0', '2019-11-22 16:26:59', '2019-11-22 16:26:59', null, '1', null, null, null);
INSERT INTO `cms_article` VALUES ('8', 'test', '11111111111111', '6_glowingbeaches_brazil.jpg', '1', '1', '168', '0', '0', '1', '0', '2019-11-29 14:27:52', '2019-11-29 14:27:52', null, '0', null, null, null);
INSERT INTO `cms_article` VALUES ('9', 'test2', 'rfefewfrefsfafasfsaf', '9.jpg', '2', '4', '168', '0', '0', '1', '0', '2019-11-29 14:31:34', '2019-11-29 14:31:34', null, '0', null, null, null);
INSERT INTO `cms_article` VALUES ('10', '我的测试', '<p>\n	<strong><img src=\"/resource/kindeditor/plugins/emoticons/images/0.gif\" border=\"0\" alt=\"\" /></strong>\n</p>\n<p>\n	<strong>大厦发大水发送发送到</strong>\n</p>\n<p>\n	<strong>sdf多少分sad发士大夫撒&nbsp;</strong>\n</p>\n<p>\n	<strong><img src=\"/resource/pic/image/20191210/20191210100016_116.jpg\" alt=\"\" /><br />\n</strong>\n</p>', '1b90e4dc219f41dd70f7b9c14fcb4f0a.jpg', '4', '13', '168', '0', '0', '1', '1', '2019-12-10 10:01:10', '2019-12-10 10:01:10', null, '0', null, null, null);
INSERT INTO `cms_article` VALUES ('11', '不说了', 'wqerwtr', '4fdd65c87011ca67847b9b34329c66e7.jpg', '1', '1', '156', '0', '0', '1', '0', '2019-12-17 18:37:07', '2019-12-17 18:37:07', null, '0', null, null, null);
INSERT INTO `cms_article` VALUES ('12', '雷军', '吃葡萄不吐葡萄皮', '08d108ac765f001907639a79777b9182.jpg', '2', '4', '156', '0', '0', '1', '0', '2019-12-17 19:32:29', '2019-12-17 19:32:29', null, '0', null, null, null);
INSERT INTO `cms_article` VALUES ('13', '终结者', '施瓦辛格本色出演，钢铁硬汉', 'be42f654-4358-49b4-8a7a-726e2832bc11.jpg', '6', '21', '156', '0', '0', '1', '0', '2019-12-19 13:28:55', '2019-12-19 13:28:55', null, '0', null, null, null);
INSERT INTO `cms_article` VALUES ('14', '现如今的学习热潮', '<p style=\"color:#191919;font-size:100%;text-align:justify;\">\n	<span style=\"font-size:16px;\">党的十九大报告中提出,要加快建设学习型社会,大力提高国民素质。要增强学习本领,在全党营造善于学习、勇于实践的浓厚氛围,建设马克思主义学习型政党,推动建设学习大国。</span>\n</p>\n<span style=\"background-color:#FFFFFF;color:#191919;font-family:&quot;font-size:16px;line-height:1.9;\"> </span>\n<p style=\"color:#191919;font-size:100%;text-align:justify;\">\n	<span style=\"font-size:16px;\">2月18日，我校接到市委教育工委《关于在北京高校推进“学习强国”学习平台APP注册使用工作的通知》,学校党委结合学校实际，由党委宣传部牵头会同组织部向各级党组织负责人下发通知，以党支部为单元，搭建三级学习组织架构，制定落实的实施方案。在各级党组织的全力配合和共同努力下，本着“一个都不能少”的原则，截止到2月27日，我校顺利完成党组织关系在校师生党员的注册工作。</span>\n</p>\n<span style=\"background-color:#FFFFFF;color:#191919;font-family:&quot;font-size:16px;line-height:1.9;\"> </span>\n<p style=\"color:#191919;font-size:100%;text-align:justify;\">\n	<span style=\"font-size:16px;\">随着“学习强国”平台的全面启动，我校全体师生党员掀起了新一轮线上学习的热潮，如今大家见面打招呼的第一句话就是：“今天你学习‘学习强国’了吗？”</span>\n</p>\n<span style=\"background-color:#FFFFFF;color:#191919;font-family:&quot;font-size:16px;line-height:1.9;\"> </span>\n<p style=\"color:#191919;font-size:100%;text-align:center;\">\n	<span style=\"font-size:100%;font-weight:700;\">这款超级火爆的“学习强国”学习平台是什么？</span>\n</p>\n<p style=\"color:#191919;font-size:100%;text-align:center;\">\n	<span style=\"font-size:100%;font-weight:700;\"><img src=\"/pic/image/20191220/20191220110809_265.gif\" alt=\"\" /><br />\n</span>\n</p>', 'f731e9fd-9b0b-4009-a74e-2b7131d4ad7f.jpg', '1', '1', '171', '0', '0', '1', '0', '2019-12-20 11:08:10', '2019-12-20 11:08:10', null, '0', null, null, null);
INSERT INTO `cms_article` VALUES ('15', '王者荣耀为挽回玩家也是拼了', '<div class=\"item-wrap\" style=\"font-family:arial;\">\n	<div class=\"article \" id=\"article\">\n		<div class=\"article-content\">\n			<p style=\"color:#333333;font-size:16px;text-align:justify;\">\n				<span class=\"bjh-p\">大家好，这里是每周日更新的荣耀周报，我是你们的正惊小弟。</span>\n			</p>\n			<p style=\"color:#333333;font-size:16px;text-align:justify;\">\n				<span class=\"bjh-p\">转眼间令无数单身狗厌烦的圣诞节就要到来了，不知道各位是不是已经找到了那个陪你过圣诞的对象。虽然小弟没找到，但是并不担心，毕竟还有王者荣耀活动等着肝呢！话不多说，一起来看看本周又有哪些大事发生吧。</span>\n			</p>\n			<div class=\"img-container\">\n				<img width=\"480\" class=\"normal\" src=\"http://pics3.baidu.com/feed/bba1cd11728b4710af62ff3348292cf8fe0323e8.jpeg?token=8cbcfe6327535f29c44f1ea9e7a94f24&amp;s=8CD5825A4B1051E90D45EDC3030070E3\" />\n			</div>\n			<p style=\"color:#333333;font-size:16px;text-align:justify;\">\n				<span class=\"bjh-p\"><span class=\"bjh-strong\" style=\"font-size:18px;font-weight:700;\">哪吒胜率终于登顶 黄忠留住射手最后尊严</span></span>\n			</p>\n			<p style=\"color:#333333;font-size:16px;text-align:justify;\">\n				<span class=\"bjh-p\">本周的胜率榜单中，<span class=\"bjh-strong\" style=\"font-size:18px;font-weight:700;\">与上周最大的差别莫过于哪吒的胜率这次终于登顶了</span>，毕竟已经稳坐数个星期的第二了。<span class=\"bjh-strong\" style=\"font-size:18px;font-weight:700;\">上周第一的云中君和第二武则天以及接下来的典韦孙膑都向下顺位一名，</span>看来这五名英雄的胜率目前还是坚不可摧！</span>\n			</p>\n			<div class=\"img-container\">\n				<img class=\"large\" src=\"http://pics6.baidu.com/feed/d50735fae6cd7b89947850f683c3ada2d8330e9f.jpeg?token=ffd6abd3e61ea44c240b2dbffa50cdfe&amp;s=9D14E4134D1645CA1CCC51CA0000C0B3\" style=\"width:100%;\" />\n			</div>\n			<p style=\"color:#333333;font-size:16px;text-align:justify;\">\n				<span class=\"bjh-p\">在六到十名中，<span class=\"bjh-strong\" style=\"font-size:18px;font-weight:700;\">第六第七仍然还是上周的蔡文姬和钟馗</span>，功能性的辅助法师还是在对局中非常吃香的。而第八第九则和上周有些区别，<span class=\"bjh-strong\" style=\"font-size:18px;font-weight:700;\">上周消失的女娲本周冲上第八，黄忠则跌下一名成第十</span>，成为射手最后一个上榜人选。而牛魔相较上周下落一名，看来昔日第一已经风采不再了。</span>\n			</p>\n			<div class=\"img-container\">\n				<img class=\"large\" src=\"http://pics4.baidu.com/feed/b90e7bec54e736d1fb2f8ad710b7a0c7d462691a.jpeg?token=71ef932b2e73cce01f262366087d373c&amp;s=8800E513094A5D4D1C4D54CA0000C0B1\" style=\"width:100%;\" />\n			</div>\n			<div class=\"img-container\">\n				<img width=\"480\" class=\"normal\" src=\"http://pics5.baidu.com/feed/3ac79f3df8dcd100e63b20cef96ca815bb122fa3.jpeg?token=544db21b054d7464b2a920aa54fa2606&amp;s=DC863D76498248CE9E54386A0300F070\" />\n			</div>\n			<p style=\"color:#333333;font-size:16px;text-align:justify;\">\n				<span class=\"bjh-p\"><span class=\"bjh-strong\" style=\"font-size:18px;font-weight:700;\">出场率榜单中前三的位置依然被亚瑟、孙悟空和鲁班七号三位铁打的英雄占据</span>，而与上周最大的不同莫过于本该在第四的后羿本周只出现在了第六，看来后羿的热度也在大幅下降。第四第五本周则是被铠和甄姬两个热门英雄占据。</span>\n			</p>\n			<div class=\"img-container\">\n				<img class=\"large\" src=\"http://pics6.baidu.com/feed/d788d43f8794a4c25b03e2418213f4d0ac6e39a0.jpeg?token=a731da56fec972925b7a5d21d2ba46b8&amp;s=8DB4E413451655CA48DD11CA0000C0B1\" style=\"width:100%;\" />\n			</div>\n			<p style=\"color:#333333;font-size:16px;text-align:justify;\">\n				<span class=\"bjh-p\">Ban率榜单中，五名英雄与上周基本上是高度一致的，毕竟上官婉儿和瑶靠着BUG般的技能让人畏惧。兰陵王、李白则是在刺客中属于技能秀还伤害高的一批，自然Ban率高涨。<span class=\"bjh-strong\" style=\"font-size:18px;font-weight:700;\">蔡文姬作为游戏中最强奶妈，不管是会玩还是不会玩总能有个好的发挥。看来Ban率榜透露的信息简直太多。</span></span>\n			</p>\n			<div class=\"img-container\">\n				<img class=\"large\" src=\"http://pics0.baidu.com/feed/f9dcd100baa1cd11c30add8532f527f9c1ce2dc0.jpeg?token=1d48f95270e942f411ccf0d795ee81d7&amp;s=8116ED335D1655CA5AD511CA000080B1\" style=\"width:100%;\" />\n			</div>\n			<div class=\"img-container\">\n				<img width=\"480\" class=\"normal\" src=\"http://pics2.baidu.com/feed/6a600c338744ebf87f693a4f551e382f6159a797.jpeg?token=a48ba1047055ccd6a2934c4800f61517&amp;s=C280FC020EB37FA14A9A0359030010EE\" />\n			</div>\n			<p style=\"color:#333333;font-size:16px;text-align:justify;\">\n				<span class=\"bjh-p\"><span class=\"bjh-strong\" style=\"font-size:18px;font-weight:700;\">体服再次上线新玩法 娜可露露喜提新皮肤</span></span>\n			</p>\n			<p style=\"color:#333333;font-size:16px;text-align:justify;\">\n				<span class=\"bjh-p\"><span class=\"bjh-strong\" style=\"font-size:18px;font-weight:700;\">在12月19日的体验服更新中，上线了一个名为“觉醒之战”的新玩法。在这次的玩法中一共开启了包括亚瑟、上官婉儿、钟馗、诸葛亮等31名英雄。</span>根据官方消息，该模式下的所有英雄技能蓝耗降低，技能冷却缩减，技能效果和伤害都大幅度强化，<span class=\"bjh-strong\" style=\"font-size:18px;font-weight:700;\">宛如“官方开挂”！</span></span>\n			</p>\n			<div class=\"img-container\">\n				<img class=\"large\" src=\"http://pics1.baidu.com/feed/cefc1e178a82b901bcdb65c5f86a46723b12efc4.jpeg?token=02e4705f9c82730b9a9a618e8108e11d&amp;s=0CF069844C523DC2DA2D4D910300D092\" style=\"width:100%;\" />\n			</div>\n			<p style=\"color:#333333;font-size:16px;text-align:justify;\">\n				<span class=\"bjh-p\">在这个模式下玩家不能选定英雄，只能随机分配英雄，并可以花钻石获取更多次的随机机会。堪称神仙打架的这个模式中，英雄的技能变态到让人无法想象。<span class=\"bjh-strong\" style=\"font-size:18px;font-weight:700;\">例如横穿半个地图的钟馗钩子、永久免控的庄周、一下放出六个球的东皇太一、人型坦克的黄忠等等。</span></span>\n			</p>\n			<div class=\"img-container\">\n				<img width=\"293\" class=\"normal\" src=\"http://pic.rmb.bdstatic.com/f2acbc96cf48c5500ee5a02b9911e1b46306.gif\" />\n			</div>\n			<div class=\"img-container\">\n				<img width=\"293\" class=\"normal\" src=\"http://pic.rmb.bdstatic.com/2b18fdab5b8176910b6a44a9295a86092034.gif\" />\n			</div>\n			<p style=\"color:#333333;font-size:16px;text-align:justify;\">\n				<span class=\"bjh-p\">并且在这个模式之下，泉水的恢复效果、小兵和野怪的经验经济收入都是成倍提升的，而且暴君和主宰的刷新时间也会大幅缩减，方便玩家抢夺，防御塔失效时间提前，对局的速度变得更快！<span class=\"bjh-strong\" style=\"font-size:18px;font-weight:700;\">总的来说这个模式就是一个字——爽！</span></span>\n			</p>\n			<div class=\"img-container\">\n				<img class=\"large\" src=\"http://pics6.baidu.com/feed/30adcbef76094b361c0264fc2f2b93dc8c109d78.jpeg?token=3d67fb41fae96773abe5d28b6b691ae0&amp;s=C450C53887624520007D84DA0000C0B2\" style=\"width:100%;\" />\n			</div>\n			<div class=\"img-container\">\n				<img width=\"480\" class=\"normal\" src=\"http://pics2.baidu.com/feed/279759ee3d6d55fb17f55658e1c5a04f21a4dd8e.jpeg?token=ed9bcee8f935b5dd548b4dde29305b23&amp;s=A0C29C4F771211744748242203007043\" />\n			</div>\n			<p style=\"color:#333333;font-size:16px;text-align:justify;\">\n				<span class=\"bjh-p\">圣诞节期间王者荣耀也开启了圣诞活动<span class=\"bjh-strong\" style=\"font-size:18px;font-weight:700;\">，玩家只需要在12月20日到26日期间收集圣诞拐杖糖就能用一定数目的拐杖糖来兑换永久的幸福圣诞荣耀播报一个！</span>让单身的你圣诞也不会感觉寂寞。</span>\n			</p>\n			<div class=\"img-container\">\n				<img width=\"450\" class=\"normal\" src=\"http://pic.rmb.bdstatic.com/30f914a4d53c790270753ff0a7b023c57144.gif\" />\n			</div>\n			<p style=\"color:#333333;font-size:16px;text-align:justify;\">\n				<span class=\"bjh-p\"><span class=\"bjh-strong\" style=\"font-size:18px;font-weight:700;\">12月16日官方也爆料了这次的SNK新皮肤“晚萤少女”，为娜可露露所有。</span>这款皮肤以萤火虫元素将娜可露露化身小仙女，守护鹰也在这个少女皮肤中变成鹰状纸鸢，腰间的匕首也变成了纸雨伞，可以说又可以俘获一大批少女的芳心了！</span>\n			</p>\n			<div class=\"img-container\">\n				<img width=\"400\" class=\"normal\" src=\"http://pic.rmb.bdstatic.com/a038ee355cd6e66a31c78a488a485c3f8267.gif\" />\n			</div>\n			<div class=\"img-container\">\n				<img width=\"480\" class=\"normal\" src=\"http://pics3.baidu.com/feed/79f0f736afc379311719d29a6723584042a91178.jpeg?token=60140a2ecfff23c33ba34a02ca5aab1b&amp;s=4790E8224AB557A7D9A529D7030090E2\" />\n			</div>\n			<p style=\"color:#333333;font-size:16px;text-align:justify;\">\n				<span class=\"bjh-p\"><span class=\"bjh-strong\" style=\"font-size:18px;font-weight:700;\">体服英雄多次遭调整 模拟战迎来新赛季</span></span>\n			</p>\n			<p style=\"color:#333333;font-size:16px;text-align:justify;\">\n				<span class=\"bjh-p\">在12月16日和19日两次的体验服更新中，<span class=\"bjh-strong\" style=\"font-size:18px;font-weight:700;\">一共5位英雄遭到了调整，其中加强的有安琪拉、马可波罗、诸葛亮，削弱的有孙尚香和不知火舞。</span>下面是详细介绍。</span>\n			</p>\n			<p style=\"color:#333333;font-size:16px;text-align:justify;\">\n				<span class=\"bjh-p\">安琪拉的三技能护盾大幅度增加，马可波罗的一二技能的初始伤害值降低但Ad系数增加，三个技能的能量消耗大幅减少。诸葛亮二技能冷却时间减少。孙尚香的而二技能物理穿透降低，不知火舞的二技能抗性减少降低。</span>\n			</p>\n			<div class=\"img-container\">\n				<img class=\"large\" src=\"http://pics5.baidu.com/feed/8694a4c27d1ed21bc3c39730268932c153da3fce.jpeg?token=968bc86420a60f66af21da6ef4e6c16d&amp;s=4450C53A13424D605C55E0DA0000C0B2\" style=\"width:100%;\" />\n			</div>\n			<p style=\"color:#333333;font-size:16px;text-align:justify;\">\n				<span class=\"bjh-p\"><span class=\"bjh-strong\" style=\"font-size:18px;font-weight:700;\">装备调整中，时之预言的法术攻击降低，但是被动中额外获得的物理和法术防御增加，系数增加。</span>风之轻语和救赎之翼的护盾值都大幅度增加，等级系数也大幅升高。冲击铠甲的主动技能内圈中不仅会被眩晕还会被和外圈一样减速。</span>\n			</p>\n			<div class=\"img-container\">\n				<img class=\"large\" src=\"http://pics2.baidu.com/feed/3c6d55fbb2fb4316868d9debab43a9260bf7d3fb.jpeg?token=9efdf16ac54a41e7c3fccdf3469f591c&amp;s=AE40C0121D0A444944D5A5DA0100C0B2\" style=\"width:100%;\" />\n			</div>\n			<div class=\"img-container\">\n				<img width=\"480\" class=\"normal\" src=\"http://pics7.baidu.com/feed/f31fbe096b63f6244062aede0ca304fd1b4ca319.jpeg?token=99eeae4e5d3b8005b15e3d314f7602b6&amp;s=5AAC3C620B5377EB4D7C40DF0300C0A0\" />\n			</div>\n			<p style=\"color:#333333;font-size:16px;text-align:justify;\">\n				<span class=\"bjh-p\">同时本次召唤师技能也有一定修改<span class=\"bjh-strong\" style=\"font-size:18px;font-weight:700;\">，干扰增加一个己方机关无敌效果。狂暴的效果调整为增伤、增韧性、增物理吸血和法术吸血。弱化减少敌人伤害数值变小，但时间增加，还给自身一定免伤率。无限乱斗模式中不仅对局内的场景和BUFF进行了优化和改变之外，还增加了无限之石的装备。</span>占据额外装备格子，不同属性的无限之石会给玩家带来不一样的主被动，作用可以说非常的大。</span>\n			</p>\n			<div class=\"img-container\">\n				<img class=\"large\" src=\"http://pics0.baidu.com/feed/5bafa40f4bfbfbedb09d5d82f3171833adc31f77.jpeg?token=43ac8153c35c89eee435e919d3743341&amp;s=7088F11B0CBE0E8C6FAFF50C030080E3\" style=\"width:100%;\" />\n			</div>\n			<div class=\"img-container\">\n				<img class=\"large\" src=\"http://pics7.baidu.com/feed/6609c93d70cf3bc7303a6f115ae755a4cc112a06.jpeg?token=a47788364216bd585f4776bf789a27c7&amp;s=C41A453387604D204E7580DA000050B2\" style=\"width:100%;\" />\n			</div>\n			<p style=\"color:#333333;font-size:16px;text-align:justify;\">\n				<span class=\"bjh-p\"><span class=\"bjh-strong\" style=\"font-size:18px;font-weight:700;\">在王者模拟战中，本次将迎来王者模拟战的S1赛季，段位的继承和5V5排位模式的继承规则基本一致。</span>而且从S1开始，任意排位模式的最高段位达到最强王者时都可以使王者印记进阶一次。</span>\n			</p>\n			<div class=\"img-container\">\n				<img width=\"294\" class=\"normal\" src=\"http://pics4.baidu.com/feed/bd315c6034a85edfff9b7afbc2b3e626df5475c4.jpeg?token=e9b5aee097070f218572648ddc277a06&amp;s=C120BC1AB3C46CFA14CD91CF0300B0B1\" />\n			</div>\n			<p style=\"color:#333333;font-size:16px;text-align:justify;\">\n				<span class=\"bjh-p\"><span class=\"bjh-strong\" style=\"font-size:18px;font-weight:700;\">同时在体验服更新中，新增了12款天赋，满足了非常多的组合需求。</span>在玩法和规则调整中，快速模式下伤害增加，双人模式赠送英雄和装备冷却调整，万物回转系统调整，每回合第一次抽卡价格也调整，2星和3星装备掉落机制改动。</span>\n			</p>\n			<div class=\"img-container\">\n				<img class=\"large\" src=\"http://pics3.baidu.com/feed/ca1349540923dd54fb04e9da5aee5cdb9d82487e.jpeg?token=3964114e82291edf3c0e157daae10281&amp;s=4E50C012071A506F08F484DA000050B2\" style=\"width:100%;\" />\n			</div>\n			<p style=\"color:#333333;font-size:16px;text-align:justify;\">\n				<span class=\"bjh-p\"><span class=\"bjh-strong\" style=\"font-size:18px;font-weight:700;\">英雄调整中赵云、大乔、小乔、百里玄策和诸葛亮统统加强。</span>扶桑羁绊、冰霜长矛和爆裂之甲、快攻天赋、羁绊进阶天赋以及鬼神降临天赋都保持与正式服一致。</span>\n			</p>\n			<div class=\"img-container\">\n				<img class=\"large\" src=\"http://pics5.baidu.com/feed/6f061d950a7b020859438c3ae93e1dd6552cc854.jpeg?token=1e44bb3c5b70950ae21c4610bba83116&amp;s=0050C4320F6A45200AF129DA0000C0B2\" style=\"width:100%;\" />\n			</div>\n			<p style=\"color:#333333;font-size:16px;text-align:justify;\">\n				<span class=\"bjh-p\"><span class=\"bjh-strong\" style=\"font-size:18px;font-weight:700;\">那么看到这里本周的荣耀周报就要和大家说再见了。</span></span>\n			</p>\n			<p style=\"color:#333333;font-size:16px;text-align:justify;\">\n				<span class=\"bjh-p\"><span class=\"bjh-strong\" style=\"font-size:18px;font-weight:700;\">最后一个正惊问题：</span>你觉得觉醒模式好玩吗？</span>\n			</p>\n			<div class=\"img-container\">\n				<img width=\"480\" class=\"normal\" src=\"http://pics6.baidu.com/feed/d53f8794a4c27d1e4402cc269032426bdcc4381d.jpeg?token=aee11569f23a8df730e8981ff0ab1f5a&amp;s=0F22E9025CB2BFAB3129F9E3030080E3\" />\n			</div>\n		</div>\n	</div>\n</div>', 'bc6c1367-ebf7-4e68-9d33-c1cbad7ffe16.jpg', '8', '32', '171', '0', '0', '1', '0', '2019-12-23 09:18:57', '2019-12-23 09:18:57', null, '0', null, null, null);
INSERT INTO `cms_article` VALUES ('16', '租车吗？', '<div class=\"news-list\" style=\"font-family:&quot;\">\n	<h3 style=\"font-size:22px;font-weight:normal;\">\n		资讯\n	</h3>\n</div>\n<span style=\"background-color:#FFFFFF;font-family:&quot;\"> </span>\n<div class=\"list-box\" style=\"font-family:&quot;\">\n	<div class=\"list\">\n		<ul style=\"font-family:&amp;margin-left:0px;\">\n			<li class=\"tit-hot\" style=\"font-size:20px;\">\n				<a href=\"http://www.chinaautonews.com.cn/show-10-19123-1.html\" target=\"_blank\"> 大众汽车“叩响明天”创新大赛总决赛落幕 </a> \n			</li>\n			<li style=\"font-size:16px;\">\n				<a href=\"http://www.chinaautonews.com.cn/show-10-19122-1.html\" target=\"_blank\"> 2019中国汽车年度盛典线下评测圆满收官 </a> \n			</li>\n			<li style=\"font-size:16px;\">\n				<a href=\"http://www.chinaautonews.com.cn/show-10-19115-1.html\" target=\"_blank\"> 丰田全面推广燃料电池技术 多家车企采购使用 </a> \n			</li>\n			<li style=\"font-size:16px;\">\n				<a href=\"http://www.chinaautonews.com.cn/show-10-19112-1.html\" target=\"_blank\"> 品质为先 第三届汽车品质榜颁奖盛典在京举行 </a> \n			</li>\n			<li style=\"font-size:16px;\">\n				<a href=\"http://www.chinaautonews.com.cn/show-10-19095-1.html\" target=\"_blank\"> 中汽中心发布车企绿色发展指数 华晨宝马夺冠 </a> \n			</li>\n			<li style=\"font-size:16px;\">\n				<a href=\"http://www.chinaautonews.com.cn/show-10-19090-1.html\" target=\"_blank\"> 长安福特工程师跳楼身亡 车企表态协助善后 </a> \n			</li>\n		</ul>\n	</div>\n	<div class=\"news-image\">\n		<a href=\"http://www.chinaautonews.com.cn/show-10-19124-1.html\" target=\"_blank\"> <img src=\"http://www.chinaautonews.com.cn/uploadfile/2019/1224/thumb_380_213_20191224045440987.jpg\" style=\"height:213px;width:100%;\" /> <span class=\"img-mask\" style=\"background-color:#000000;\"></span> <span class=\"img-bg\"></span> <span class=\"img-title\" style=\"font-size:16px;line-height:48px;\">22家退网和休眠经销商重回东风悦达起亚品牌</span> </a> \n	</div>\n</div>\n<span style=\"background-color:#FFFFFF;font-family:&quot;\"> </span>\n<div class=\"news-list\" style=\"font-family:&quot;\">\n	<h3 style=\"font-size:22px;font-weight:normal;\">\n		评论\n	</h3>\n</div>\n<span style=\"background-color:#FFFFFF;font-family:&quot;\"> </span>\n<div class=\"list-box\" style=\"font-family:&quot;\">\n	<div class=\"list\">\n		<ul style=\"font-family:&amp;margin-left:0px;\">\n			<li class=\"tit-hot\" style=\"font-size:20px;\">\n				<a href=\"http://www.chinaautonews.com.cn/show-11-19038-1.html\" target=\"_blank\"> 沃尔沃与中国公开赛 在“银婚”之上的爱恋 </a> \n			</li>\n			<li style=\"font-size:16px;\">\n				<a href=\"http://www.chinaautonews.com.cn/show-11-19033-1.html\" target=\"_blank\"> 月销量达到1.93万辆 雷克萨斯靠差异化超车 </a> \n			</li>\n			<li style=\"font-size:16px;\">\n				<a href=\"http://www.chinaautonews.com.cn/show-11-19032-1.html\" target=\"_blank\"> 卖房保壳 首选理财产品的北京房价开始下滑了 </a> \n			</li>\n			<li style=\"font-size:16px;\">\n				<a href=\"http://www.chinaautonews.com.cn/show-11-19017-1.html\" target=\"_blank\"> 销量比去年同期下滑23% 长安福特的自我救赎 </a> \n			</li>\n			<li style=\"font-size:16px;\">\n				<a href=\"http://www.chinaautonews.com.cn/show-11-19008-1.html\" target=\"_blank\"> 中汽协预测：2020年新车销量将下滑2% </a> \n			</li>\n			<li style=\"font-size:16px;\">\n				<a href=\"http://www.chinaautonews.com.cn/show-11-19007-1.html\" target=\"_blank\"> 2020年在即 影响汽车市场的三大政策因素 </a> \n			</li>\n		</ul>\n	</div>\n	<div class=\"news-image\">\n		<a href=\"http://www.chinaautonews.com.cn/show-11-19113-1.html\" target=\"_blank\"> <img src=\"http://www.chinaautonews.com.cn/uploadfile/2019/1224/thumb_380_213_20191224082109472.jpeg\" style=\"height:213px;width:100%;\" /> <span class=\"img-mask\" style=\"background-color:#000000;\"></span> <span class=\"img-bg\"></span> <span class=\"img-title\" style=\"font-size:16px;line-height:48px;\">一块大屏就是车联网 真正的车联网还有多远？</span></a>\n	</div>\n</div>', '5cda8134-864a-41f2-93aa-58666bd10c37.jpg', '4', '16', '171', '0', '0', '0', '0', '2019-12-24 18:08:48', '2019-12-24 18:08:48', null, '0', null, null, null);
INSERT INTO `cms_article` VALUES ('17', 'NBA常规赛-西蒙斯三双76人胜活塞 阿德40分马刺狂虐灰熊', '<div class=\"-live-page-widget\" style=\"font-size:14px;\">\n	<div>\n		<div class=\"news-list-b\" style=\"color:#333333;\">\n			<ul class=\"list\" style=\"margin-left:0px;\">\n				<li class=\"item\" style=\"margin-left:0px;vertical-align:top;\">\n					<h3 class=\"title\" style=\"font-size:18px;font-weight:normal;\">\n						<a class=\"txt-a-hilight\" href=\"https://sports.sina.com.cn/basketball/nba/2019-12-24/doc-iihnzhfz7919177.shtml\" target=\"_blank\">西帝三双76人胜活塞</a> <a class=\"txt-a-hilight\" href=\"https://sports.sina.com.cn/basketball/nba/2019-12-24/doc-iihnzahi9633425.shtml\" target=\"_blank\">勇士迎赛季首度连胜</a>\n					</h3>\n					<p>\n						<a href=\"https://sports.sina.com.cn/basketball/nba/2019-12-24/doc-iihnzahi9611146.shtml\" target=\"_blank\">3胜4负！湖人西部第一，是吃了赛程红利？</a>\n					</p>\n					<p>\n						<a href=\"https://sports.sina.com.cn/basketball/nba/2019-12-24/doc-iihnzahi9626053.shtml\" target=\"_blank\">向湖人索要顶薪+7700万美金，这要求够狠啊！</a>\n					</p>\n					<p>\n						<a href=\"https://sports.sina.com.cn/basketball/nba/2019-12-24/doc-iihnzahi9557783.shtml\" target=\"_blank\">15天后浓眉便能和湖人提前续约 但他选择放弃</a>\n					</p>\n					<p>\n						<a href=\"https://sports.sina.com.cn/basketball/nba/2019-12-24/doc-iihnzahi9533666.shtml\" target=\"_blank\">三连败原因找到了！湖人防守效率跌至联盟第8</a>\n					</p>\n					<p>\n						<a href=\"https://sports.sina.com.cn/basketball/nba/2019-12-24/doc-iihnzhfz7873878.shtml\" target=\"_blank\">湖人主帅:詹眉今日都未训练 圣诞大战出战成疑</a>\n					</p>\n					<p>\n						<a href=\"https://sports.sina.com.cn/basketball/nba/2019-12-24/doc-iihnzhfz7873234.shtml\" target=\"_blank\">魔兽:圣诞大战无关冠军归属 没必要过度情绪化</a>\n					</p>\n					<p>\n						<a href=\"https://sports.sina.com.cn/basketball/nba/2019-12-24/doc-iihnzahi9530967.shtml\" target=\"_blank\">詹姆斯不会缺席圣诞大战！虽然并不看重这比赛</a>\n					</p>\n					<p>\n						<a href=\"https://sports.sina.com.cn/basketball/nba/2019-12-24/doc-iihnzhfz7871925.shtml\" target=\"_blank\">因向湖人要股权等过分要求 联盟调查小卡舅舅</a>\n					</p>\n					<p>\n						<a href=\"https://sports.sina.com.cn/basketball/nba/2019-12-23/doc-iihnzhfz7745571.shtml\" target=\"_blank\">可惜！科比曾力荐湖人选他，但魔术师没采纳</a>\n					</p>\n					<p>\n						<a href=\"https://sports.sina.com.cn/basketball/nba/2019-12-23/doc-iihnzahi9407421.shtml\" target=\"_blank\">湖人凉凉？詹眉全伤！膝盖反向扭伤！看着都疼</a>\n					</p>\n					<p>\n						<a href=\"https://sports.sina.com.cn/basketball/nba/2019-12-23/doc-iihnzhfz7747888.shtml\" target=\"_blank\">三连败！詹姆斯终于不打了！浓眉扭伤膝盖！</a>\n					</p>\n				</li>\n			</ul>\n		</div>\n	</div>\n</div>\n<span style=\"background-color:#FFFFFF;font-family:&quot;font-size:14px;\"> </span>\n<div class=\"-live-page-widget\" style=\"font-size:14px;\">\n	<div>\n		<div class=\"news-list-b\" style=\"color:#333333;\">\n			<ul class=\"list\" style=\"margin-left:0px;\">\n				<li class=\"item\" style=\"margin-left:0px;vertical-align:top;\">\n					<h3 class=\"title\" style=\"font-size:18px;font-weight:normal;\">\n						<a class=\"txt-a-hilight\" href=\"https://sports.sina.com.cn/basketball/nba/2019-12-24/doc-iihnzhfz7871925.shtml\" target=\"_blank\">联盟曾调查卡舅</a> <a class=\"txt-a-hilight\" href=\"https://sports.sina.com.cn/basketball/nba/2019-12-24/doc-iihnzhfz7941256.shtml\" target=\"_blank\">爵士又有动作！裁掉格林</a>\n					</h3>\n					<p>\n						<a href=\"https://sports.sina.com.cn/basketball/nba/2019-12-24/doc-iihnzahi9604284.shtml\" target=\"_blank\">小卡出事了!向湖人索要股份+飞机!合同要作废?</a>\n					</p>\n					<p>\n						<a href=\"https://sports.sina.com.cn/basketball/nba/2019-12-24/doc-iihnzhfz7951286.shtml\" target=\"_blank\">1换3！首笔交易诞生！这西部劲旅终于坐不住了</a>\n					</p>\n					<p>\n						<a href=\"https://sports.sina.com.cn/basketball/nba/2019-12-24/doc-iihnzahi9636411.shtml\" target=\"_blank\">30分史诗逆转！猛龙这冠军后卫还要进全明星啊</a>\n					</p>\n					<p>\n						<a href=\"https://sports.sina.com.cn/basketball/nba/2019-12-24/doc-iihnzahi9644913.shtml\" target=\"_blank\">要房子要飞机要股权！卡哇伊加盟快船内幕曝光</a>\n					</p>\n					<p>\n						<a href=\"https://sports.sina.com.cn/basketball/nba/2019-12-24/doc-iihnzhfz7983210.shtml\" target=\"_blank\">1换3！交易达成！这可是湖人出品的神经刀呀！</a>\n					</p>\n					<p>\n						<a href=\"https://sports.sina.com.cn/basketball/nba/2019-12-24/doc-iihnzahi9642727.shtml\" target=\"_blank\">人物|团队毒瘤定时炸弹?嫌弃到最后逃不了真香</a>\n					</p>\n					<p>\n						<a href=\"https://sports.sina.com.cn/basketball/nba/2019-12-24/doc-iihnzahi9642105.shtml\" target=\"_blank\">人物|断崖下滑+亿元合同!城市英雄怕是真毁了</a>\n					</p>\n					<p>\n						<a href=\"https://sports.sina.com.cn/basketball/nba/2019-12-24/doc-iihnzahi9641844.shtml\" target=\"_blank\">疯了吧！又是药检！就因他刚刚拿了个队史第一</a>\n					</p>\n					<p>\n						<a href=\"https://sports.sina.com.cn/basketball/nba/2019-12-24/doc-iihnzhfz7980362.shtml\" target=\"_blank\">向湖人索要顶薪+股权+房子+飞机，这够狠的啊</a>\n					</p>\n				</li>\n			</ul>\n		</div>\n	</div>\n</div>\n<span style=\"background-color:#FFFFFF;font-family:&quot;font-size:14px;\"> </span>\n<div class=\"-live-page-widget\" style=\"font-size:14px;\">\n	<div>\n		<div class=\"news-list-b\" style=\"color:#333333;\">\n			<ul class=\"list\" style=\"margin-left:0px;\">\n				<li class=\"item\" style=\"margin-left:0px;vertical-align:top;\">\n					<h3 class=\"title\" style=\"font-size:18px;font-weight:normal;\">\n						<a class=\"txt-a-hilight\" href=\"https://sports.sina.com.cn/basketball/nba/2019-12-24/doc-iihnzhfz7882392.shtml\" target=\"_blank\">骑士交易克拉克森</a> <a class=\"txt-a-hilight\" href=\"https://sports.sina.com.cn/basketball/nba/2019-12-24/doc-iihnzahi9531269.shtml\" target=\"_blank\">实力榜:快船跌出前3</a>\n					</h3>\n					<p>\n						<a href=\"https://sports.sina.com.cn/basketball/nba/2019-12-24/doc-iihnzahi9633425.shtml\" target=\"_blank\">水拉30分勇士首度连胜 唐斯缺阵森林狼11连败</a>\n					</p>\n					<p>\n						<a href=\"https://sports.sina.com.cn/basketball/nba/2019-12-24/doc-iihnzahi9588081.shtml\" target=\"_blank\">有爱！库里夫妇送球迷圣诞礼物 这次不是COS了</a>\n					</p>\n					<p>\n						<a href=\"https://sports.sina.com.cn/basketball/nba/2019-12-24/doc-iihnzahi9566642.shtml\" target=\"_blank\">1000%！全世界增幅最大球队 大巴黎都被甩身后</a>\n					</p>\n					<p>\n						<a href=\"https://sports.sina.com.cn/basketball/nba/2019-12-23/doc-iihnzahi9346663.shtml\" target=\"_blank\">还挺准!库里最新单手投篮视频,左手还不能碰球</a>\n					</p>\n					<p>\n						<a href=\"https://sports.sina.com.cn/basketball/nba/2019-12-23/doc-iihnzahi9310764.shtml\" target=\"_blank\">勇士选秀无意三球怀斯曼等大热！想要大二的他</a>\n					</p>\n					<p>\n						<a href=\"https://sports.sina.com.cn/basketball/nba/2019-12-23/doc-iihnzhfz7647068.shtml\" target=\"_blank\">科尔:库里已进行篮球活动 将会更多地跟随球队</a>\n					</p>\n					<p>\n						<a href=\"https://sports.sina.com.cn/basketball/nba/2019-12-23/doc-iihnzahi9217241.shtml\" target=\"_blank\">搞事情！詹姆斯小心眼实锤？都怪库里太强了</a>\n					</p>\n				</li>\n			</ul>\n		</div>\n	</div>\n</div>', 'b300efdb-dc99-4d2c-8c69-763b57657423.jpg', '5', '17', '171', '0', '0', '0', '0', '2019-12-24 18:10:55', '2019-12-24 18:10:55', null, '0', null, null, null);
INSERT INTO `cms_article` VALUES ('18', '武磊险造点,西班牙人输6分战!体育照明灯具需遵循哪些要点?', '<p style=\"color:#404040;font-size:16px;text-align:justify;\">\n	北京时间12月22日晚，<a class=\"team_link\" href=\"https://sports.eastday.com/tags-9200635/\" target=\"_blank\">西甲</a>第18轮展开全面争夺，备受中国球迷关注的西班牙人奔赴客场挑战保级对手莱加内斯，经过90分钟激战，最终西班牙人以0-2负于对手，与莱加内斯的分差被拉大到了3分，与保级区的分差被拉大到了5分，本赛季前景不容乐观。\n</p>\n<p style=\"color:#404040;font-size:16px;text-align:justify;\">\n	本场比赛，西班牙人状态不佳，上下半场各丢一球，直接输掉了这场价值连城的保级大战。中国球员<a class=\"team_link\" href=\"https://sports.eastday.com/tags-9014480/\" target=\"_blank\">武磊</a>在第78分钟替补登场，险些造点，但由于VAR提示主裁，武磊越位在先，裁判没有判罚点球。18轮过后，西班牙人仅取得2胜4平12负的成绩，保级形势岌岌可危。\n</p>\n<p style=\"color:#404040;font-size:16px;text-align:justify;\">\n	<span class=\"cont-img\" style=\"color:#F0F0F0;\"><img width=\"570\" height=\"427\" alt=\"武磊险造点，西班牙人输6分战！体育照明灯具需遵循哪些要点？\" src=\"https://09imgmini.eastday.com/mobile/20191224/2019122415_24aedf7d9f1b4069989d01a098d69b70_1742_wmk.jpg\" style=\"height:auto;\" /></span>\n</p>\n<div class=\"DAnews_content_firstpicbt\" id=\"ny_list_1\" style=\"margin-left:auto;\">\n	<div class=\"uid_box\" style=\"margin-left:0px;\">\n		<div style=\"margin-left:0px;\">\n			<iframe width=\"570\" height=\"80\" id=\"iframeu4167450_0\" src=\"https://pos.baidu.com/pcim?conwid=570&amp;conhei=80&amp;rdid=4167450&amp;dc=3&amp;exps=110011,117313&amp;psi=572be0e6cb6af810b5be4f26d0e24524&amp;di=u4167450&amp;dri=0&amp;dis=0&amp;dai=1&amp;ps=940x546&amp;enu=encoding&amp;ant=0&amp;dcb=___adblockplus_&amp;dtm=HTML_POST&amp;dvi=0.0&amp;dci=-1&amp;dpt=none&amp;tsr=0&amp;tpr=1577182350878&amp;ti=%E6%AD%A6%E7%A3%8A%E9%99%A9%E9%80%A0%E7%82%B9%EF%BC%8C%E8%A5&amp;ari=2&amp;ver=1217&amp;dbv=2&amp;drs=3&amp;pcs=1262x608&amp;pss=1262x3275&amp;cfv=0&amp;cpl=1&amp;chi=1&amp;cce=true&amp;cec=utf-8&amp;tlm=1577171703&amp;prot=2&amp;rw=608&amp;ltu=https%3A%2F%2Fsports.eastday.com%2Fa%2F191224151306184000000.html&amp;ecd=1&amp;uc=2021x1095&amp;pis=-1x-1&amp;sr=2021x1137&amp;tcn=1577182354&amp;qn=17ba5f046cacc82c&amp;tt=1577182350887.3083.3272.3283\" frameborder=\"0\" style=\"height:80px;width:570px;\">\n			</iframe>\n		</div>\n	</div>\n</div>\n<p style=\"color:#404040;font-size:16px;text-align:justify;\">\n	<a class=\"team_link\" href=\"https://sports.eastday.com/tags-9015128/\" target=\"_blank\">足球</a>作为我国最火爆的运动之一，无疑拥有着大批的球迷，每当五大联赛联赛焦点之战来临都将是万人空巷的局面。日趋火爆的足球市场，也对足球照明提出了更高的要求。\n</p>\n<p style=\"color:#404040;font-size:16px;text-align:justify;\">\n	1.&emsp;体育照明灯具与竞赛相关的要求\n</p>\n<p style=\"color:#404040;font-size:16px;text-align:justify;\">\n	(1) 体育照明灯具的安装位置一般不允许在场地正上方；\n</p>\n<p style=\"color:#404040;font-size:16px;text-align:justify;\">\n	(2) 体育场存在不允许安装灯具的区域，主要针对比赛时照明会对主视线产生不利影响的位置；\n</p>\n<p style=\"color:#404040;font-size:16px;text-align:justify;\">\n	(3) 体育照明灯具安装位置和投射角度避免对足球运动员产生眩光；\n</p>\n<p style=\"color:#404040;font-size:16px;text-align:justify;\">\n	(4) 防止体育照明灯具的直射光 对足球运动员和观众席产生影响。\n</p>\n<p style=\"color:#404040;font-size:16px;text-align:justify;\">\n	<span class=\"cont-img\" style=\"color:#F0F0F0;\"><img width=\"570\" height=\"427\" alt=\"武磊险造点，西班牙人输6分战！体育照明灯具需遵循哪些要点？\" src=\"https://09imgmini.eastday.com/mobile/20191224/2019122415_d5a430d5aca84b799e5305bf298c663d_1014_wmk.jpg\" style=\"height:auto;\" /></span>\n</p>\n<p style=\"color:#404040;font-size:16px;text-align:justify;\">\n	2.&emsp;照明与转播相关的要求\n</p>\n<p style=\"color:#404040;font-size:16px;text-align:justify;\">\n	(1) 体育场摄像机方向的垂直照度及其均匀度要满足摄像和转播的要求;\n</p>\n<p style=\"color:#404040;font-size:16px;text-align:justify;\">\n	(2) 体育场色温会影响摄像机白平衡的调节， 对转播级别的体育场， 要求 色温4000 K (一般转播)或5500K (高清转播);\n</p>\n<p style=\"color:#404040;font-size:16px;text-align:justify;\">\n	(3) 显色指数会影响转播、 摄像的色彩还原程度， 对于转播级别的体育场， 显色指数要求80 (一般转播) 或 Ra &gt;90 (高清转播);\n</p>\n<p style=\"color:#404040;font-size:16px;text-align:justify;\">\n	(4) 体育场灯具安装位置和投射角度有时还会对摄像机产生眩光。\n</p>\n<p style=\"color:#404040;font-size:16px;text-align:justify;\">\n	<span class=\"cont-img\" style=\"color:#F0F0F0;\"><img width=\"570\" height=\"427\" alt=\"武磊险造点，西班牙人输6分战！体育照明灯具需遵循哪些要点？\" src=\"https://09imgmini.eastday.com/mobile/20191224/2019122415_8c21cede64c04aaaabe9827b41cbbdb0_3315_wmk.jpg\" style=\"height:auto;\" /></span>\n</p>\n<p style=\"color:#404040;font-size:16px;text-align:justify;\">\n	在体育照明灯具方面，目前众多体育场纷纷选择与华夏北斗星合作。华夏北斗星的核心技术服务团队成员均有10年以上的设计开发、质量管理和技术服务及商业服务等领域的丰富经验，构成了全面的技术服务网络体系。\n</p>\n<p style=\"color:#404040;font-size:16px;text-align:justify;\">\n	华夏北斗星以先进的专有技术服务及产品、丰富的行业经验以及卓著国际水平的技术成就和研发能力，为全球体育场提供专业化的服务，更为广大客户提供了双赢合作的良机。\n</p>\n<p style=\"color:#404040;font-size:16px;text-align:justify;\">\n	（注：本文内容和素材来源转载于网络，如有侵权请联系作者进行删除）\n</p>', 'd557dc3b-19e2-4d9f-875d-352a65a1035d.jpg', '7', '26', '171', '0', '10', '0', '0', '2019-12-24 18:12:50', '2019-12-24 18:12:50', null, '0', null, null, null);
INSERT INTO `cms_article` VALUES ('19', '一个有故事的图片', '<p>\n	一个有故事的图片\n</p>\n<p>\n	一个有故事的图片\n</p>\n<p>\n	一个有故事的图片\n</p>\n<p>\n	一个有故事的图片\n</p>\n<p>\n	一个有故事的图片\n</p>', '227e8d0e-6128-4ee4-8d24-da8784f358e8.gif', '9', '30', '171', '0', '2', '1', '0', '2019-12-24 18:13:29', '2019-12-24 18:13:29', null, '0', null, null, null);
INSERT INTO `cms_article` VALUES ('181', '100光年外有另一个“地球”：美国宣布发现类地宜居行星 ', '原标题：100光年外有另一个“地球”：美国宣布发现类地宜居行星 【环球时报综合报道】据美国“太空”网站7日报道，美国国家航空航天局（NASA）在夏威夷举行的美国天文学年会上宣布发现一颗与地球大小类似的宜居行星。这也是美国“系外行星探测器‘苔丝’（TESS）”发现的首颗类地宜居行星。 报道称，“苔丝”的任务是在太空中找出和地球大小相当、绕行宿主恒星的类地行星。在它观测到的40万颗明亮恒星中，科学家们已选出1822颗最可能存在与我们地球相似的系外行星。 这次发现的类地行星名为TOI 700d，围绕着一颗距离地球100光年的恒星（TOI 700）运转。不过NASA科学家们开始时错误地把TOI 700判定为一颗与太阳大小接近的恒星，这意味着它的行星们会比实际情况更大，温度也更高。但多名业余天文学家发现这个错误，其中还包括一名高中生史宾塞。芝加哥大学研究生吉伯特表示：“我们修正恒星的体积后，行星的大小也跟着下调，最终我们发现最远的一颗行星体积和地球相当，并且恰好位于可居住区域。” 根据调整后的数据，TOI 700的质量和大小只有太阳的40%，表面温度只有太阳的一半。行星TOI 700d是围绕这颗恒星运转的3颗行星之一，它的距离刚好能在恒星的宜居带中支持液态水的存在。它是3颗行星中最外层的一颗，每37个地球日绕恒星运行一圈。TOI 700d从恒星那里接收的能量，大约是地球从太阳接收能量的86%。天文学家们认为，该行星存在“潮汐锁定”现象，也就是说它的某一面总是白天。▲ （陈 山）返回搜狐，查看更多 责任编辑：', 'bc6c1367-ebf7-4e68-9d33-c1cbad7ffe16.jpg', '2', '8', '156', '0', '2', '1', '0', '2020-01-11 14:38:20', '2020-01-11 14:38:20', '原标题：100光年外有另一个“地球”：美国宣布发现类地宜居行星 【环球时报综合报道】据美国“太空”网站7日报道，美国国家航空航天局（NASA）在夏威夷举行的美国天文学年会上宣布发现一颗与地球大小类似的宜居行星。这也是美国“系外行星探测器‘苔丝’（TESS）”发现的首颗类地宜居行星。 报道称，“苔丝”', '0', null, null, null);
INSERT INTO `cms_article` VALUES ('182', '1月8日早盘主力巨资出逃四大板块(附股)', '原标题：1月8日早盘主力巨资出逃四大板块(附股) 1月8日早盘主力巨资出逃四大板块(附股)|||| 两市个股资金流入前20股 截止10:29:00,沪市累计净流入-116.52亿元,深市累计净流入-117.33亿元,两市累计净流入-233.85亿元 股票名称 股票代码 涨幅 净流入 (万元) ↓累计流入 (万元) 累计流出 (万元) 净流入指标 成交占比 京东方Ａ 000725 4.91% 96542.66 58.07 17.31% 东方日升 9.87% 54872.69 88349.12 33476.43 463.10 44.76% 新 大 陆 000997 9.17% 49263.46 67074.72 243.26 26.09% 航天彩虹 002389 8.99% 37335.28 64297.11 26961.83 409.76 38.29% 旭升股份 10.00% 26846.73 42562.50 15715.77 940.84 45.41% *ST信威 5.11% 26369.18 39553.14 13183.96 355.89 48.73% 威唐工业 9.99% 22843.56 28851.48 6007.93 1386.13 63.96% 四维图新 002405 3.40% 21447.84 69671.35 48223.51 75.88 17.91% 大北农 002385 10.01% 20918.65 20918.65 0.00 93.77 99.35% 奥特佳 002239 10.19% 19494.40 31258.01 11763.61 264.88 44.84% 新国都 6.50% 18242.50 47209.65 28967.15 249.39 23.35% 东睦股份 10.01% 16630.35 30587.51 13957.16 266.69 35.74% 荃银高科 9.99% 15176.61 15176.61 0.00 292.63 100.00% 风华高科 000636 5.65% 15033.41 61625.62 46592.21 92.53 13.54% 超图软件 10.02% 14605.08 44376.45 29771.37 147.51 19.10% 北特科技 10.06% 14066.66 20285.67 6219.00 567.96 51.68% 赤峰黄金 8.50% 14057.03 41479.87 27422.84 154.47 20.38% 常铝股份 002160 10.05% 13558.29 13558.29 0.00 477.60 99.72% 金辰股份 10.00% 13504.25 19092.05 5587.80 1059.75 53.44% 万向钱潮 000559 10.00% 13349.84 21546.02 8196.18 76.00 43.04% #JRJ分页符# 两市个股资金流出前20股|||| 两市个股资金流出前20股 截止10:29:00,沪市累计净流入-116.52亿元,深市累计净流入-117.33亿元,两市累计净流入-233.85亿元 股票名称 股票代码 涨幅 净流入 (万元) ↓累计流入 (万元) 累计流出 (万元) 净流入指标 成交占比 中信证券 -1.87% -29463.16 69554.03 99017.19 -11.90 17.34% 中国长城 000066 -3.06% -28908.24 18859.29 47767.53 -74.69 42.95% 欧菲光 002456 -4.27% -27408.73 52700.05 80108.77 -66.36 20.41% 中国平安 -0.95% -26150.07 64186.39 90336.47 -2.83 16.75% 华天科技 002185 -4.85% -24295.13 36575.88 60871.01 -119.02 24.72% 东方财富 -1.92% -23262.54 41908.00 65170.54 -27.04 21.43% 兴业银行 -1.75% -20994.22 26411.10 47405.32 -5.61 27.92% 浪潮信息 000977 -4.06% -19010.43 20862.91 39873.34 -49.12 30.01% 贵州茅台 -0.74% -18920.91 44400.97 63321.88 -1.39 17.42% 浙江龙盛 -2.46% -18665.00 16921.33 35586.34 -40.18 35.28% 东华软件 002065 -5.08% -16470.92 32417.56 48888.47 -57.07 20.16% 海通证券 -2.35% -15998.39 23852.97 39851.36 -12.86 24.49% 三安光电 -2.84% -15906.10 36150.44 52056.54 -21.08 17.73% 交通银行 -1.05% -13918.54 4309.45 18227.98 -6.30 61.49% 中兴通讯 000063 -0.60% -13737.55 39042.29 52779.84 -11.00 14.90% 嘉化能源 -4.76% -13514.79 11893.34 25408.13 -88.52 35.77% 中信建投 -2.61% -13439.24 26393.66 39832.89 -50.11 20.13% 紫光国微 002049 -2.29% -12774.19 15751.35 28525.54 -41.20 28.74% 五 粮 液 000858 -0.31% -12559.54 22949.81 35509.34 -2.57 21.27% 长电科技 -5.97% -12539.56 42579.84 55119.40 -59.07 12.71% #JRJ分页符# 两市板块净流入排名(表)|||| 两市板块净流入排名(表) 截止10:29:00,沪市累计净流入-116.52亿元,深市累计净流入-117.33亿元,两市累计净流入-233.85亿元 行业名称 涨幅 净流入 (万元) ↓累计流入 (万元) 累计流出 (万元) 净流入指标 成交占比 贡献度最大 居民服务、修理和其他服务业 -0.79% -95.03 340.76 435.79 -10.52 12.21% 百邦科技 教育 -0.63% -2352.21 4654.30 7006.51 -5.23 22.97% 紫光学大 住宿和餐饮业 -1.25% -2845.95 5694.31 8540.26 -4.98 16.87% 首旅酒店 卫生和社会工作 -0.62% -10031.10 59844.73 69875.82 -3.75 11.46% 美年健康 综合 -1.22% -13986.13 73994.02 87980.14 -11.54 13.97% 东阳光 水利、环境和公共设施管理业 -1.08% -25960.88 52637.19 78598.07 -11.08 22.07% 碧水源 科学研究和技术服务业 -0.76% -29370.36 95217.03 -10.41 8.40% 柏堡龙 租赁和商务服务业 -0.64% -33302.25 -5.94 8.08% 因赛集团 采矿业 0.22% -36093.72 -1.24 5.33% 赤峰黄金 农、林、牧、渔业 -0.29% -37284.81 -7.60 10.31% 福成股份 #JRJ分页符# 两市板块净流出排名(表)|||| 两市板块净流出排名(表) 截止10:29:00,沪市累计净流入-116.52亿元,深市累计净流入-117.33亿元,两市累计净流入-233.85亿元 行业名称 涨幅 净流入 (万元) ↓累计流入 (万元) 累计流出 (万元) 净流入指标 成交占比 贡献度最大 制造业 -0.45% -4.22 4.45% 惠发食品 金融业 -1.30% -4.27 24.05% 九鼎投资 信息传输、软件和信息技术服务业 -1.20% -11.63 9.94% 中昌数据 房地产业 -1.23% -5.00 16.07% 鲁商发展 批发和零售业 -0.72% -84862.90 -7.24 9.03% 东方银星 文化、体育和娱乐业 -1.80% -78890.82 -16.14 14.65% 中文在线 交通运输、仓储和邮政业 -1.13% -71504.93 -4.58 24.90% 海汽集团 电力、热力、燃气及水生产和供应业 -0.79% -65421.68 -4.20 20.13% 银星能源 建筑业 -0.87% -50743.23 -4.38 13.45% 同济科技 农、林、牧、渔业 -0.29% -37284.81 -7.60 10.31% 福成股份 #JRJ分页符# 沪市主力大单流入前20股|||| 沪市主力大单流入前20股 实时行情截至:2020-01-08 10:29:32 资金流入流出统计 股票名称 股票代码 收盘价 涨跌幅 大单(万股) 买入净量占流通盘比列 买入 卖出 买卖差 当日 T-1 T-2 一周 *ST信威 3.91 5.11% 9634 3515 6119.0 3.229% 0.046% 0.095% 3.599% *ST庞大 1.53 4.79% 5299 1222 4077.0 0.3986% 0.504% -0.082% 0.8096% 赤峰黄金 6.38 8.5% 5859 3737 2122.0 1.4877% -0.283% 1.608% 3.4477% ST锐电 1.16 3.57% 3207 1278 1929.0 0.3199% 0.055% 0.013% 0.4139% 中国重工 5.44 1.87% 3869 2325 1544.0 0.0844% -0.011% -0.035% 0.1804% 东睦股份 10.22 10.01% 2369 888 1481.0 2.4272% -0.329% -0.316% 3.2552% 北特科技 7.55 10.06% 1787 535 1252.0 3.8166% -1.046% 1.878% 4.7706% 动力源 5.45 10.1% 976 219 757.0 1.3682% -0.063% 0.331% 1.6452% *ST鹏起 2.08 5.05% 2614 1968 646.0 0.4274% 1.467% 1.753% 5.3334% 浙江富润 12.01 6.47% 2760 2140 620.0 1.4048% 1.953% -0.023% 3.4738% 山煤国际 10.07 10.05% 616 0 616.0 0.3107% 0.22% 0.565% 1.5937% 青山纸业 2.2 2.8% 1035 441 594.0 0.2576% 0.204% 0.051% 0.5616% 航天电子 6.31 1.61% 1578 1005 573.0 0.237% -0.217% -0.102% 0.174% 风神股份 5.61 10.0% 800 280 520.0 0.9246% -0.023% 0.064% 0.9776% *ST金山 2.1 5.0% 651 133 518.0 0.3517% -0.033% 0.096% 0.3757% 凌云股份 9.48 0.0% 1745 1243 502.0 0.9205% 3.721% 0.51% 5.1275% 北方导航 9.22 3.36% 1198 724 474.0 0.3183% -0.179% 0.191% 0.6973% 山东黄金 38.0 3.37% 2208 1770 438.0 0.1994% -0.315% 0.626% 1.0864% 四川路桥 3.51 0.29% 1311 913 398.0 0.1151% 0.539% -0.194% 0.5931% 旭升股份 45.08 9.95% 440 54 386.0 6.1008% 0.964% 7.444% 14.9198% #JRJ分页符# 深市主力大单流入前20股|||| 深市主力大单流入前20股 实时行情截至:2020-01-08 10:29:36 资金流入流出统计 股票名称 股票代码 收盘价 涨跌幅 大单(万股) 买入净量占流通盘比列 买入 卖出 买卖差 当日 T-1 T-2 一周 京东方Ａ 000725 4.91 4.91% 67228 47539 19689.0 0.5815% -0.159% 0.0010% 1.3105% 奥特佳 002239 2.38 10.19% 12885 5023 7862.0 2.5425% 1.98% 2.794% 7.2695% 常铝股份 002160 4.16 10.05% 2985 0 2985.0 4.3741% 0.385% 1.018% 5.6961% 东方日升 17.03 9.87% 4553 1574 2979.0 4.2816% 2.806% 0.047% 7.2966% 新 大 陆 000997 20.1 9.06% 5161 2777 2384.0 2.3685% 1.745% -0.23% 4.3905% 航天彩虹 002389 15.26 8.92% 3766 1506 2260.0 3.7876% 3.776% 0.533% 8.4136% 大北农 002385 8.02 10.01% 2119 0 2119.0 0.7618% 0.169% 0.26% 3.4878% 万向钱潮 000559 6.38 10.0% 2776 825 1951.0 0.7086% -0.031% 0.054% 0.7016% 天龙集团 4.39 10.03% 3241 1320 1921.0 3.3011% 5.322% -0.899% 16.3221% *ST斯太 000760 1.72 4.88% 1661 257 1404.0 2.1453% -0.732% 2.831% 4.3973% 四维图新 002405 18.03 3.92% 3190 1856 1334.0 0.8467% 0.198% 0.541% 1.8117% 佳创视讯 7.61 7.94% 2690 1481 1209.0 3.7497% 3.923% 2.686% 22.4827% 亚太股份 002284 5.76 7.06% 1323 298 1025.0 1.4941% -0.013% 0.402% 1.9491% 新金路 000510 4.72 10.02% 991 0 991.0 1.8035% 0.197% 0.093% 1.7285% 拓日新能 002218 3.52 4.14% 5071 4103 968.0 0.7962% 4.278% -0.024% 5.1782% 风华高科 000636 18.09 5.3% 2792 1967 825.0 0.9216% -1.384% -0.332% 2.3146% 荃银高科 14.87 9.99% 805 0 805.0 2.308% 0.74% 0.768% 5.367% 华东科技 000727 2.13 0.95% 1201 415 786.0 0.2682% 0.0030% -0.434% 0.0222% 天汽模 002510 6.57 10.05% 782 0 782.0 0.9937% 7.476% 7.204% 16.5527% 天海防务 3.31 4.75% 2004 1260 744.0 1.2349% 0.433% 0.141% 2.7769% #JRJ分页符# 沪市主力大单流出前20股|||| 沪市主力大单流出前20股 实时行情截至:2020-01-08 10:29:35 资金流入流出统计 股票名称 股票代码 收盘价 涨跌幅 大单(万股) 卖出净量占流通盘比列 买入 卖出 买卖差 当日 T-1 T-2 一周 包钢股份 1.35 -1.46% 2824 6953 4129.0 0.1303% -0.282% -0.159% -0.5827% 永泰能源 1.5 -1.96% 3632 6419 2787.0 0.2243% -0.521% -0.209% -0.9337% 海航控股 1.78 -1.66% 1211 3760 2549.0 0.1551% -0.282% 0.0050% -0.4009% 交通银行 5.63 -1.05% 486 2622 2136.0 0.0544% -0.011% 0.052% 0.0634% 农业银行 3.69 -0.81% 2052 4181 2129.0 0.0072% -0.027% 0.0060% -0.0328% 中国建筑 5.97 -0.83% 2191 4081 1890.0 0.0459% 0.063% -0.084% -0.1291% 新湖中宝 3.96 -2.22% 2355 3912 1557.0 0.1811% -0.552% 0.181% -0.7049% 科达股份 5.51 -4.01% 1234 2674 1440.0 1.1223% -1.392% -0.828% -1.8327% 山东钢铁 1.45 -1.36% 370 1740 1370.0 0.1252% -0.116% 0.06% -0.2258% 农发种业 3.45 -4.17% 1219 2530 1311.0 1.2861% 0.962% -6.399% -9.8759% 浙商银行 4.74 -0.63% 819 2084 1265.0 0.6118% 0.483% 0.7% 2.6198% 中国银行 3.7 -0.54% 1097 2338 1241.0 0.0059% -0.021% 0.011% -0.0061% 工商银行 5.93 -1.33% 1483 2691 1208.0 0.0045% 0.0010% 0.0040% -0.0145% 中信证券 25.23 -1.83% 1890 3094 1204.0 0.1227% -0.198% 0.0070% 0.1127% 新潮能源 2.27 0.89% 3455 4591 1136.0 0.2804% 0.354% -0.246% -0.4016% 兴业银行 19.63 -1.8% 745 1853 1108.0 0.0582% 0.0010% 0.028% 0.0482% 天风证券 7.01 -2.37% 973 2064 1091.0 0.4638% -0.32% 0.229% 1.7148% 太平洋 3.69 -1.86% 1354 2412 1058.0 0.1552% -0.148% 0.058% 0.1382% 海通证券 15.38 -2.35% 791 1840 1049.0 0.1296% 0.047% -0.025% 0.1716% 中国国航 9.04 -2.8% 1203 2247 1044.0 0.1105% -0.036% 0.266% 0.4135% #JRJ分页符# 深市主力大单流出前20股|||| 深市主力大单流出前20股 实时行情截至:2020-01-08 10:29:36 资金流入流出统计 股票名称 股票代码 收盘价 涨跌幅 大单(万股) 卖出净量占流通盘比列 买入 卖出 买卖差 当日 T-1 T-2 一周 华天科技 002185 7.47 -4.6% 4223 7426 3203.0 1.169% 0.75% -0.5% 1.651% 金正大 002470 2.96 -2.95% 864 2661 1797.0 0.6335% -0.215% -1.156% -1.2515% 欧菲光 002456 15.47 -4.33% 2571 4356 1785.0 0.669% 0.687% -0.253% 1.179% TCL 集团 000100 4.75 3.94% 17715 19458 1743.0 0.1363% -0.331% -0.147% -1.0787% 利欧股份 002131 2.89 -2.69% 3519 5187 1668.0 0.3085% -0.697% 0.952% -0.3425% 中国长城 000066 15.54 -3.06% 494 2151 1657.0 0.6653% -0.315% 0.038% 0.4513% 东华软件 002065 10.27 -5.17% 2667 4176 1509.0 0.5375% -0.237% 0.206% 0.4075% 东方财富 15.82 -1.98% 1825 3284 1459.0 0.2684% 0.288% -0.506% 0.0084% 新文化 5.82 1.22% 2688 4044 1356.0 1.9229% -2.051% -3.396% -7.4341% 金科文化 3.67 -2.65% 4397 5733 1336.0 0.5889% -2.507% -0.3% -2.5821% 盛运环保 1.6 -3.03% 570 1852 1282.0 1.1231% 0.27% -0.219% 0.0521% 大康农业 002505 1.82 -1.62% 615 1890 1275.0 0.2324% 0.133% -0.161% -0.1806% 二三四五 002195 3.37 -2.6% 3424 4641 1217.0 0.2149% -0.84% -0.158% -1.2761% 坚瑞沃能 1.76 -1.68% 957 2053 1096.0 0.5565% 1.549% 0.531% 2.1265% 美锦能源 000723 9.34 -2.81% 512 1598 1086.0 0.2876% 0.065% -0.207% 0.3846% 神火股份 000933 5.3 -3.11% 493 1509 1016.0 0.5346% -0.278% -0.092% 0.7626% 天广中茂 002509 1.49 -1.97% 196 1197 1001.0 0.4793% -0.234% 0.036% -0.7647% 联创股份 3.45 -2.54% 1041 1944 903.0 1.1388% 1.517% -0.474% -10.3982% 华谊兄弟 4.95 -3.7% 891 1778 887.0 0.4011% -1.345% 0.095% -0.9559% 捷成股份 4.36 0.93% 5266 6123 857.0 0.4785% -2.378% -0.643% -2.8605% #JRJ分页符# 沪市主力控盘个股一览(表)|||| 沪市主力控盘个股一览(表) 实时行情截至:2020-01-08 10:29:36 振幅排名 股票名称 股票代码 收盘价 涨跌幅 振幅 换手率 当日 3日 5日 凌云股份 9.48 0.0% 17.7494% 5.9165% 3.5499% 8.03% 日出东方 8.42 6.58% 17.1053% 5.7018% 3.4211% 8.2% 天奈科技 40.63 12.39% 16.3314% 5.4438% 3.2663% 0.02% 兴图新科 57.0 5.75% 13.9958% 4.6653% 2.7992% 0.07% 当虹科技 110.0 -2.57% 12.7445% 4.2482% 2.5489% 0.01% 北特科技 7.55 10.06% 12.1212% 4.0404% 2.4242% 11.06% 安源煤业 2.96 -4.21% 12.0996% 4.0332% 2.4199% 4.92% 动力源 5.45 10.1% 11.9097% 3.9699% 2.3819% 3.58% 格尔软件 39.01 6.01% 11.7489% 3.9163% 2.3498% 6.3% 妙可蓝多 16.6 2.22% 11.5854% 3.8618% 2.3171% 2.73% 永悦科技 12.59 -0.94% 11.4152% 3.8051% 2.283% 3.26% 风神股份 5.61 10.0% 11.2426% 3.7475% 2.2485% 3.03% 国机汽车 6.4 4.92% 11.204% 3.7347% 2.2408% 1.86% 东睦股份 10.22 10.01% 11.0043% 3.6681% 2.2009% 7.62% *ST信威 3.91 5.11% 10.7345% 3.5782% 2.1469% 7.3% *ST鹏起 2.08 5.05% 10.582% 3.5273% 2.1164% 3.58% *ST游久 2.96 4.96% 10.4089% 3.4696% 2.0818% 3.28% 晶方科技 52.78 -4.92% 10.107% 3.369% 2.0214% 7.29% 上海亚虹 13.45 3.7% 9.9237% 3.3079% 1.9847% 4.77% 海创B股 0.188 -2.59% 9.8446% 3.2815% 1.9689% 0.07% #JRJ分页符# 深市主力控盘个股一览(表)|||| 深市主力控盘个股一览(表) 实时行情截至:2020-01-08 10:29:18 振幅排名 股票名称 股票代码 收盘价 涨跌幅 振幅 换手率 当日 3日 5日 天龙集团 4.39 10.03% 16.5289% 5.5096% 3.3058% 9.08% 和顺电气 7.64 5.38% 13.2756% 4.4252% 2.6551% 4.95% 威唐工业 21.35 9.99% 13.1172% 4.3724% 2.6234% 21.86% 新国都 21.49 6.7% 12.8345% 4.2782% 2.5669% 10.68% 四通新材 17.6 7.45% 12.766% 4.2553% 2.5532% 8.74% 欢瑞世纪 000892 6.96 -0.85% 12.5392% 4.1797% 2.5078% 6.53% 万里马 6.61 2.01% 12.3939% 4.1313% 2.4788% 19.65% 凯中精密 002823 11.6 5.55% 12.38% 4.1267% 2.476% 5.41% 广东鸿图 002101 9.2 7.85% 12.1588% 4.0529% 2.4318% 4.76% 浙江世宝 002703 5.35 10.08% 11.9497% 3.9832% 2.3899% 2.14% 长亮科技 25.8 4.16% 11.5183% 3.8394% 2.3037% 8.6% 联得装备 32.21 10.01% 11.4526% 3.8175% 2.2905% 10.18% 奥 特 迅 002227 12.79 8.11% 11.4478% 3.8159% 2.2896% 3.31% 天海防务 3.31 4.75% 11.4379% 3.8126% 2.2876% 7.74% 万向钱潮 000559 6.38 10.0% 11.4082% 3.8027% 2.2816% 1.79% 星云股份 18.06 9.99% 11.3916% 3.7972% 2.2783% 5.42% 亚太股份 002284 5.76 7.06% 11.194% 3.7313% 2.2388% 4.18% 金河生物 002688 7.89 5.34% 11.0132% 3.6711% 2.2026% 5.22% 炼石航空 000697 12.02 5.16% 10.4278% 3.4759% 2.0856% 1.39% 佳创视讯 7.61 7.94% 10.2964% 3.4321% 2.0593% 16.72% #JRJ分页符# 当日板块资金龙虎榜(附股)|||| 当日板块资金龙虎榜(附股) 实时行情截至:2020-01-08 10:30:00 当日板块龙虎榜板块名称 涨跌幅 资金流入(万元) 贡献最大个股 个股涨跌幅 个股涨跌比 无人船 2.02% 852.38 华测导航 4.25% 1:2 新能源车零部件 1.9% 51960.91 奥特佳 10.19% 24:39 特斯拉 1.81% 奥特佳 10.19% 87:138 共享汽车 1.64% 3727.35 万安科技 7.13% 5:8 裸眼3D 1.62% 京东方Ａ 4.91% 4:6 南北船合并 1.53% 14724.11 中国应急 5.76% 8:10 黄金珠宝 1.5% 28128.66 赤峰黄金 8.33% 23:37 华为汽车 1.5% 29179.03 星云股份 9.99% 8:15 细胞免疫 1.35% -817.55 姚记科技 8.68% 2:5 无人驾驶 1.27% -6297.36 模塑科技 10.11% 42:73 汽车后市场 1.22% 5646.99 广东鸿图 7.62% 12:23 太空互联网 1.15% 12392.2 航天通信 4.78% 10:13 航母 1.08% 32971.53 亚星锚链 3.74% 23:27 信息系统 1.06% 946.76 精准信息 6.02% 17:24 航天 1.02% 1529.08 航天通信 4.67% 9:12 海工装备 1.02% 18291.88 天海防务 4.75% 12:21 北斗导航 1.02% 36235.75 林州重机 10.1% 24:39 太赫兹 0.98% -3340.52 天和防务 2.64% 6:7 白银 0.97% -8319.99 荣华实业 5.05% 7:14 武器装备 0.96% -1343.21 天汽模 10.05% 24:33 来源:金融界网站返回搜狐，查看更多 责任编辑：', 'bc6c1367-ebf7-4e68-9d33-c1cbad7ffe16.jpg', '7', '28', '156', '0', '0', '1', '0', '2020-01-11 14:38:20', '2020-01-11 14:38:20', '原标题：1月8日早盘主力巨资出逃四大板块(附股) 1月8日早盘主力巨资出逃四大板块(附股)|||| 两市个股资金流入前20股 截止10:29:00,沪市累计净流入-116.52亿元,深市累计净流入-117.33亿元,两市累计净流入-233.85亿元 股票名称 股票代码 涨幅 净流入 (万元) ↓累计', '0', null, null, null);
INSERT INTO `cms_article` VALUES ('183', '2019金融行业发展高光之下暗藏艰辛 风控合规终是券商前进基石', '原标题：2019金融行业发展高光之下暗藏艰辛 风控合规终是券商前进基石 摘要：良性市场来源于内功的修炼 相对海外百年券业，我国证券行业历史较短，自1985年1月我国第一家券商深圳特区证券成立不过35年，但是发展较快，扩张迅速。 1985-1995的最初10年，各地金融机构纷纷发起组建证券公司。 为防范和化解金融风险，阻断混业经营，1995-2001年，国家出台了一系列的法律法规来规范证券业的发展，《商业银行法》明确银证分离，《证券法》实施分类管理引发增资扩股、《信托法》明确信证分离，由此掀起行业第一波并购重组浪潮。 在政策推动及前一阶段证券业的原始积累之后，证券公司开始增资扩股扩大规模。2004年，证监会启动了为期3年的证券公司综合治理工作，证券行业第二次并购重组浪潮正式启动。 2008-2010年，同业竞争/关联交易等问题暴露，行业整合的号角再一次吹响，“一参一控”引领整合。 2012-2014年，复苏后的证券行业开始谋划更大的发展空间，在管理层“扶优限劣”，促进证券公司向规模化、集团化方向发展理念的推动下，一股旨在壮大自身综合实力的整合浪潮席卷了整个证券行业。 那么2019年的证券行业的现状又是什么样的？ “2018年是过去十年最差的一年，也是未来十年最好的一年”。这是美团创始人王兴在饭否上做的总结，2019年再看美团，走得高光依旧。 “回暖”，是2019年证券行业的主基调。这一年，共有34家券商参与科创板公司上市承销保荐工作。从收入来看，34家券商年内获得的科创板承销保荐收入合计47.06亿元(数据来自国际金融报)。 券商并购案接连开展，成为了证券业开启资源整合、券业龙头在行业集中度加速提升的重要标志。截至12月底，券商上证指数涨幅22.35%，这些无疑不在向大众宣告，证券行业逐渐从2018年的寒冬破冰。 2019年，政策频出利好，科创板试点注册制扬帆起航，券商投行迎来大幅盈利增长点。近50家券商参与到科创板项目；资本市场“深改12条”出炉，资本市场双向开放不断升级…… 综合现有行业竞争格局以及政策导向来看，行业整合机遇已然再次来临。 而如果用一个关键词来总结2019年金融行业的重点工作，“风控合规”无疑会非常合适，尤其是在经济下行周期、去杠杆和两大国摩擦的背景下，监管日益趋严，刚性兑付打破，市场融资主体出现流动性断裂、信用违约风险事件增多，也让风控合规成为各家券商业绩破冰的制胜法宝。 敬畏风险 风控是券商的生命线 2019年，券商的风控意识远胜从前。头部券商愈发敬畏风险，从根本上布控升级，巩固自己的风控体系。 作为国内最早开展融资融券业务的前三批19家试点券商之一，国元证券在2019年依旧释放了强劲的行业能量。在市场整体遇冷的情况下，截至3季度末国元证券总资产809.36亿元，营业收入22.47亿元，净利润6.99亿元，相较去年同期分别增加6.1%、38.13%、113.25%。 “风险控制是国元证券的生命线”，这是国元证券从高层到基层的共同经营理念。国元证券董事长蔡咏曾提出要严守“确保风控合规不出现失控事件，确保廉洁自律不发生任何问题”两个底线，因此国元证券全面实行事前、事中、事后的全流程风险管理机制。值得一提的是，国元证券内部还创立了一套行业内独具特色的“12345”风控理念： “1”是指“风险控制是公司的生命线”的风控理念； “2”是指按风险类型进行研究与量化评估、按业务类型进行日常监控与管理的双重风险管理机制； “3”是指分支机构与业务部门为第一道防线，业务管理部门为第二道防线，合规风控稽核部门为第三道防线的三道风险防线； “4”是指“董事会-经营层-内控部门-业务部门风控岗”的四层风控架构； “5”是指包含投资和信贷业务四级评审、承销推荐业务三级评审、内控管理、大数据监控系统和大风控平台在内的五大风控支柱。 将风险控制放在各项工作的首位，或许是国元能够从一家区域性券商逐步成为全国性上市券商的秘诀。放眼行业内，券商违规坐庄、挪用客户保证金等风险事件频发，这样的环境恰恰给国元这样的券商提供了强大的动力，酝酿出一条健康而稳健的经营模式。 合规是灵魂抓手 修炼内功才能走的更远 “无规矩不成方圆”，回首过去这一年，更多的金融机构意识到，良性市场来源于内功的修炼。麦肯锡曾表示，随着监管对法制建设、预期管理、行为监管和对外开放等四方面持续加以重视，资本市场的制度环境将更加完善，证券行业将得到进一步发展。我们不难发现，能够抓住这样的市场形势不断刷新排名的券商，必然都拥有一套完善且科学的合规体系。管理提升、制度先行，以国元证券为例，以制度管人、以制度办事，国元现有各类规章制度700余项，在加强监督，强化制度执行力的同时，保证制度执行正确、到位。 合规是灵魂抓手，只有内部形成科学规范的体系，才能更加有效地进行业务层面高标准把关。国元通过履行合规审查、咨询、检查、培训和监测等，将合规经营的要素融入日常业务流程；主动分析判断监管政策和市场环境变化，及时处理监管部门和自律机构要求调查的事项，跟踪、督导和评估监管意见和监管要求的落实。国元证券共11次获得中国证监会分类评价A类评级，先后接受中国证监会及各地证监局的多项业务检查，均未发生大的合规风险事件。 对券商而言，风险伴随经营活动而生，完全去避免风险的确很难，但提前预估风险，及时遏制风险有时候更能检验出一个券商企业的强大能力。在证券行业普遍把财富管理转型、发展金融科技作为重头戏的当下，有多少金融券商不忘初心重视风控，义无反顾践行合规？2019的市场数据已经给出明确答案。我们相信，睿智的券商企业会秉承初心，以责任与诚信去缔造充满希望的2020。返回搜狐，查看更多 责任编辑：', '9f299e04f92eef4158a3fdd1c158c65b.jpg', '3', '12', '156', '0', '0', '1', '0', '2020-01-11 14:38:20', '2020-01-11 14:38:20', '原标题：2019金融行业发展高光之下暗藏艰辛 风控合规终是券商前进基石 摘要：良性市场来源于内功的修炼 相对海外百年券业，我国证券行业历史较短，自1985年1月我国第一家券商深圳特区证券成立不过35年，但是发展较快，扩张迅速。 1985-1995的最初10年，各地金融机构纷纷发起组建证券公司。 为防', '0', null, null, null);
INSERT INTO `cms_article` VALUES ('184', '2020胡润新金融50强公布 老虎证券连续四年上榜', '原标题：2020胡润新金融50强公布 老虎证券连续四年上榜 金融界网站讯1月7日，2020胡润新金融百强榜峰会在深圳召开。在峰会开幕式上，胡润发布了当天最重磅、最核心的“2020胡润新金融50强”榜单。作为中国互联网券商的领军企业，老虎证券凭借强大的金融科技实力和快速发展的投行业务，成功入选该榜单。据悉，这是老虎证券连续第四次上榜。 胡润百富是权威财富调研机构，旗下胡润百富榜是中国最知名的财富排行榜，创刊20年以来已经成为中国民营经济以及新贵阶层的风向标。今年也是胡润百富连续第五年发布面向新金融领域的排行榜。 （老虎证券荣获“2020胡润新金融百强榜”奖牌） 过去几年，老虎证券几乎成了华人投资者在美国华尔街的代言人。2015年，在城市中产旺盛的投资需求下，美股中大量的明星公司、中概股成为理想标的，由于老虎证券的软件和交易通道填补了市场空白，很快获得投资者热捧。此后不到三年时间，平台交易规模便突破万亿，老虎证券作为先行者迅速成长为华人市场中美股交易规模第一的互联网券商。 规模扩大的同时，老虎证券也在不断进行业务创新。从搜狗开始，老虎证券开创了美股打新的先河，支持APP“一键申购”，率先打破了机构和高净值人群对美股新股申购的垄断。过去的两年多来，老虎证券已先后向投资者提供了超过40只的美股打新服务，这一数字遥遥领先其他互联网券商，包揽了爱奇艺、虎牙、拼多多、哔哩哔哩、360金融、腾讯音乐等一大批中概股的独家打新。2019年硅谷独角兽Zoom在纳斯达克上市，老虎证券也拿下独家份额，成为全球唯一提供Zoom新股申购的互联网券商。 在打新服务不断成熟的基础上，这个以美港股经纪业务起家的互联网券商，乘着新经济的浪潮与国际大行同台竞技，目前也是投行中的一匹黑马。 回顾去年的美股IPO市场，在市场环境多变的背景下，市场份额明显向券商行业头部集中，实力券商竞争优势尤为凸显。整年约有29家中国企业赴美上市，多家中外投行参与了承销商资格的竞逐。其中，老虎证券作为新兴投资银行助力18家中国公司美股IPO，承销项目达到12个，成为承销最多中概股上市项目的券商，其承销项目包括网易有道、36氪、斗鱼、新氧、跟谁学、云集、万达体育、嘉楠科技等，可谓不折不扣的黑马。 此外，老虎证券也在去年成功拿下了由FINRA（美国金融业监管局）颁发的美国投行牌照，在美成功构建了从私募融资、发行承销、证券交易、财富管理到清算的完整业务闭环。目前，在美国、新加坡、新西兰、澳大利亚、中国香港地区等多个国家和地区，老虎证券已获得21个证券牌照或资质。 根据公开资料，老虎证券成立于2014年，是一家高速成长的华人互联网券商，旨在通过金融科技提高每个人的投资效率。公司当前以经纪业务为核心，主要面向普通投资者及机构投资者提供美股、港股、英股、A股（沪港通/深港通）等全球主要市场的股票交易服务，同时涵盖资产管理和财富管理服务、机构和企业服务及投资者教育等多种增值服务。目前，公司已取得美国、新西兰、澳大利亚、新加坡的券商牌照或许可。 来源:金融界网站返回搜狐，查看更多 责任编辑：', '1b90e4dc219f41dd70f7b9c14fcb4f0a.jpg', '2', '6', '156', '0', '0', '1', '0', '2020-01-11 14:38:20', '2020-01-11 14:38:20', '原标题：2020胡润新金融50强公布 老虎证券连续四年上榜 金融界网站讯1月7日，2020胡润新金融百强榜峰会在深圳召开。在峰会开幕式上，胡润发布了当天最重磅、最核心的“2020胡润新金融50强”榜单。作为中国互联网券商的领军企业，老虎证券凭借强大的金融科技实力和快速发展的投行业务，成功入选该榜单。', '0', null, null, null);
INSERT INTO `cms_article` VALUES ('186', '30亿欧元“赞助”环球，腾讯在2019年最后一天，下了步闲棋', '原标题：30亿欧元“赞助”环球，腾讯在2019年最后一天，下了步闲棋 文|张书乐 闲棋也是险棋，很容易闲着闲着就打了水漂了。 哪怕是在泛文娱领域已经帝国化的腾讯，也是处心积虑了。 2019年最后一天，环球音乐集团（UMG）获得了30亿欧元的战略投资，背后买家，正是来自此前传言的腾讯爸爸。 据了解，环球音乐是20世纪全球最大的唱片(音像制品制作，出版，发行)集团，其前身为宝丽金唱片，在全球几十个国家和地区设有子公司，旗下世界知名的歌手包括帕瓦罗蒂（已逝）、多明戈、卡雷拉斯、Lady Gaga、泰勒·斯威夫特、张学友、谭咏麟等众多明星。 早在2019年夏，有关腾讯即将收购10%的环球音乐集团股权一事，就已经甚嚣尘上。 但某种意义上，环球音乐尽管是一个全球老大，但是却由于唱片产业的衰落和数字音乐崛起，其所代表的传统音乐公司们，已经逐步成为了沦为夕阳产业。 马化腾为何想要拿下环球？中国音乐市场的付费习惯养成，是一个起手原因。 数据显示，2018年中国数字音乐市场规模达到76.3亿元，用户数超过7亿，其中用户付费的收入为45.2亿元，占比达到接近60%。且目前中国有96%的消费者收听正版音乐。 同时，目前，腾讯音乐拥有中国最全的音频视频格式的音乐内容储存，包括来自200多个国内和国际音乐品牌的超过2000万首歌曲。 但实际上来说，老大也并不宽裕。腾讯音乐娱乐集团第三季度财报显示，其2019年第三季度总营收同比增长31.0%至人民币65.1亿元。对于腾讯其他领域，这不过是个零头。 实际上，腾讯的野心更大，贫道称之为：落闲子有野望。 腾讯需要不断的扩大自己在音乐版权领域的占有力，与其周期性的与版权方进行谈判和续约，不如依靠自身财力来成为版权方一份子。 这样的好处很多。 一来解决了一定的续约问题。 二来让自己真正成为了在线音乐版权的王者，毕竟自己真正成为了全球顶级音乐版权方的股东，对于丰富自己的音乐库有极大裨益。 三来在下一阶段以音乐版权来形成内容领域的控制力上，也有好处。 音乐版权未必只是卖歌。 前不久爆发的短视频音乐版权问题，对于一直想要在短视频发力却不得门而入的腾讯而言，这将成为它家短视频（无论是微视还是关联紧密的快手）与抖音的差异性，对于深度内容创作者来说具有一定诱惑。 以此类推，已经在国内日渐完善的音乐版权体系，将不仅仅只是作用于在线音乐平台之上，更可以作为必要元素影响更多内容原创领域。 在音乐版权上花的钱，未必通过卖歌来回收，更可以成为更多内容制作领域的“抓手”，让内容创作者真正离不开、也不能离开腾讯体系。 所以，发力音乐版权，本身带有一定的“借力打力”的味道。 至于是否要付费听歌，人家没计划在此处赚钱，或许以后还会成为更深度的福利。 挖墙脚未必直接砸钱。 音乐的实现场景并不是只有播放器一途。 它基本上是视频领域的刚需，而且视频或许掌握技术就能自造，但音乐就不是视频制作者们自己能独立完成的了。 何况，需要的曲库如果平台不提供、自己又无处购买，对于做大做强中的短视频创作者来说，都意味着风险。 但如果此刻有平台大批量提供免费、海量或低价海量的曲库呢，结果不言而喻。 这也是最高明的挖墙脚手段 当腾讯把周围的布局落子完毕，再开展攻势，看似强大的对手或许就难以招架了。 张书乐 人民网、人民邮电报专栏作者，互联网和游戏产业观察者返回搜狐，查看更多 责任编辑：', 'bc6c1367-ebf7-4e68-9d33-c1cbad7ffe16.jpg', '6', '21', '156', '1', '0', '1', '0', '2020-01-11 14:38:20', '2020-01-11 14:38:20', '原标题：30亿欧元“赞助”环球，腾讯在2019年最后一天，下了步闲棋 文|张书乐 闲棋也是险棋，很容易闲着闲着就打了水漂了。 哪怕是在泛文娱领域已经帝国化的腾讯，也是处心积虑了。 2019年最后一天，环球音乐集团（UMG）获得了30亿欧元的战略投资，背后买家，正是来自此前传言的腾讯爸爸。 据了解，环', '0', null, null, null);
INSERT INTO `cms_article` VALUES ('187', '38城平均月薪8829元 网友：把马云马化腾也平均了？', '原标题：智联：38城平均月薪8829元，网友：把马云马化腾也平均了？ 每经编辑：徐豪 2019年你的工资是多少？ 农历岁末渐成白领“跳槽黄金季”，1月7日，智联招聘发布了《2019年冬季中国雇主需求与白领人才供给报告》（以下简称《报告》），可作白领跳槽的参考指南。 图片来源：摄图网（图文无关） 《报告》显示， 2019年冬季，大家最在意的薪酬持续攀升， 全国38个主要城市的平均招聘月薪为8829元，同比涨幅为9.1%，网络游戏行业以11979元的平均月薪位列第一。 对此， 有网友问道，“拖后腿了吗？”还有网友调侃：“是不是把马云马化腾平均到里头了”。 图片来源：新浪微博 还有网友励志地表示，“我加把劲赚钱了”。 图片来源：新浪微博 38城平均招聘月薪8829元 《报告》显示，该报告是基于2019年冬季智联招聘对全国38个主要城市的职场竞争态势的持续监测，根据平台大数据，结合在线企业招聘需求及求职者投递简历情况，分析得出。 2019年冬季，全国38个主要城市的平均招聘薪酬为8829元/月，本季度平均薪酬绝对值环比上升1.5%，同比涨幅为9.1%。 从在线职位的薪酬分布情况来看， 8000元/月以上的薪酬区间占比继续保持第一位，占职位总量的38.7%； 图片来源：《2019年冬季中国雇主需求与白领人才供给报告》 分城市来看， 北上深仍为前三甲高薪酬城市，平均月薪均在万元以上。其中，北京、上海、深圳的平均月薪分别为11521元、10967元、10477元。 2019年冬季，除了苏州、昆明和烟台的平均月薪环比小幅下降，其他城市的平均月薪都有不同程度的增长。其中，珠海月薪涨幅最高，为8.1%，以9465元的薪酬排名第五位，超过广州。 北上深招聘收缩明显 《报告》提出2019年冬季招聘收缩，求职增多，其中北上深招聘收缩明显，但依然最具人才吸引力。 2019年冬季总体职位发布数同比下降11.3%，简历投递数同比提高1.9%，也就是说，企业的招聘需求较去年同期收缩，而求职行为却更加活跃，求职市场竞争更加激烈。 《报告》指出，2019年冬季求职期全国人才供需竞争指数为34.5，这意味着在全国范围内平均每34.5人竞争一个岗位。（供需竞争指数=收到的简历投递量/发布的职位数量） 图片来源：摄图网（图文无关） 从不同城市的竞争指数来看，在智联招聘监测的全国38个主要城市中， 北京的竞争指数仍然排在第一位，而沈阳、哈尔滨、大连、青岛、石家庄、苏州、烟台、厦门等8个城市竞争指数同比下降，主要原因是其收到的简历数同比降幅较大。 值得注意的是，北上深招聘需求收缩明显，北京、上海、深圳招聘职位数分别同比下降20.9%、22.1%、7.7%。 从不同行业的竞争指数来看， 计算机软件行业继续排名第一，IT服务行业以55.2的竞争指数排名第二。 具体来看，计算机软件、IT服务、互联网/电子商务、网络游戏等大互联网行业招聘职位数降幅较大，此外，金融行业供需两端均明显收缩，基金/证券/期货/投资、信托/担保/拍卖/典当等金融行业招聘收缩幅度也较大，职位数分别同比下降43.3%、49.6%。 网游行业最赚钱 6成白领在2019年实现加薪 网络游戏成最赚钱的行业。《报告》显示， 网络游戏行业以11979元的平均月薪再次位列第一。 信托/担保/拍卖/典当行业以11924元的平均月薪排名第二位；基金/证券/期货/投资行业以11808元的平均月薪排名第三位。 图片来源：《2019年冬季中国雇主需求与白领人才供给报告》 《报告》指出，从数据结果来看，进入到2019年第四季度，求职市场依然保持激烈的竞争态势，冬季竞争指数虽然季节性回落，但较去年同期提高。招聘需求的收缩和求职行为的活跃导致今年的求职竞争格外激烈。 整体平均薪酬水平环比、同比继续上升。 值得一提的是，智联招聘在1月2日还发布了《2019年白领满意度指数调研报告》（以下简称《调研报告》），调查问卷针对全国发放，共回收有效问卷8977份。 6成白领在2019年实现加薪 《调研报告》显示， 合计59.6%的白领表示在2019年实现了不同程度的涨薪，涨薪幅度在5%以内的白领最多，为28.4%。29.3%的白领薪酬“原地踏步”，11.2%的白领薪酬“负增长”。 对于2020年，白领对涨薪依旧保持期待。调查数据显示，58.9%的白领会主动要求加薪，以改善薪酬原地踏步的现状。 图片来源：摄图网（图文无关） 过去一年3成白领实现成功跳槽 《调研报告》指出，33.1%的白领在2019年实现跳槽，这一数据相比2018年38.84%有过跳槽经历的占比有所降低。 超3成白领处于负债状态 据《调研报告》，2019年，34.6%的白领没有存款，且负债累累；17%的白领存款余额在5万元以上；16.8%的白领存款余额在几千块。 图片来源：《2019年白领满意度指数调研报告》 超4成白领对2020年表示乐观 《调研报告》还显示， 超过4成白领对2020年的发展表示乐观，其中，29.9%的白领“比较乐观”，14.6%的白领对2020年的事业发展充满信心。也有3成以上的白领对2020年的事业信心忧心忡忡，有焦虑和担忧。 关于2020年的规划，大多数白领希望通过学习、寻找新机遇和升职加薪来缓解职场焦虑。 其中，65.0%的白领选择通过“学习和充电”的方式来充实自己，57.2%的白领希望“寻找新的风口和机遇”完成逆袭，还有51.2%的白领选择追求“升职加薪”的职业规划。整体来看，白领们对下一年度的心态更加积极，在完善自己的同时目标更加明确。 每日经济新闻返回搜狐，查看更多 责任编辑：', '9f299e04f92eef4158a3fdd1c158c65b.jpg', '7', '25', '156', '0', '0', '1', '0', '2020-01-11 14:38:20', '2020-01-11 14:38:20', '原标题：智联：38城平均月薪8829元，网友：把马云马化腾也平均了？ 每经编辑：徐豪 2019年你的工资是多少？ 农历岁末渐成白领“跳槽黄金季”，1月7日，智联招聘发布了《2019年冬季中国雇主需求与白领人才供给报告》（以下简称《报告》），可作白领跳槽的参考指南。 图片来源：摄图网（图文无关） 《报', '0', null, null, null);
INSERT INTO `cms_article` VALUES ('188', '45岁梅婷踩飞机椅背完美避开显示屏，港媒：脚法纯熟', '原标题：45岁梅婷踩飞机椅背完美避开显示屏，港媒：脚法纯熟 昨天，有网友将飞机上拍到梅婷踩椅背的照片曝光，梅婷很快就引来众多观众的讨伐。 有人指“作为老戏骨没想到素质这么差”，此事也破坏了梅婷在网友心中的形象。 确认过眼神，是梅婷本人无疑。 有意思的是，今天很多营销号都用#梅婷脚踩飞机显示屏#为话题带热度。但仔细看网友晒出的图片，梅婷的鞋子踩在飞机椅背上，完美避开了双脚左侧显示屏。（当然，不管踩哪都不对）。 很快，这件事还传到香港网友那边，连香港媒体也调侃她“脚法纯熟”。 当然，梅婷也没有辩驳。面对众怒，昨天凌晨她急忙在微博转发道歉，表示：“是啊，坐没坐相，我这样很不文明，也非常不应该，我检讨自己的行为，也感谢大家的提醒，以后一定注意，给大家道个歉”。 昨天早上，她再为踩椅背事件道歉，她留言：“对不起！首先和大家道个歉，谢谢大家的监督和提醒，作为一个公众人物，我为我自己的行为感到十分的愧疚和自责，以后我一定会加倍注意自己的言行举止。” 梅婷虽然道歉，但这件事还是引来众多网友争议。有网友直言：“素质真低，当着观众一套，背地一套。普通人都不会这么做，就算是面墙也不好吧。” 还有网友吐槽：“这是典型的返祖现象，被晒出来才知道错，素质可见。下次别这样了，再这样就叫安嘉和了。” 但也有一些支持梅婷的网友认为，人非圣贤孰能无过，知错能改就好。甚至还有粉丝推测：“梅婷的鞋明显就是新鞋，抬高是为了不弄脏，改了就好。” 今年45岁的梅婷出生于江苏南京，1997年跟张国荣演出过电影《红色恋人》，更凭此片赢得第二十二届国际开罗电影节最佳女演员奖。 2001年，凭家暴题材的电视剧《不要和陌生人说话》红遍全国，她在剧中饰演饱受摧残的妻子梅湘南。 近年，她的电视剧《父母爱情》和电影《推拿》都是有口皆碑。 梅婷毕业于中央戏剧学院，与章子怡、秦海璐是同学。虽然受过高等教育，但还是犯了这种低级的错误。 这种坐公共交通工具缺德行为，在演艺圈屡见不鲜，早前张馨予在乘搭高铁时，脱鞋踩着前面椅背，被网民批评她没公德心。 王子文去年也脚踩高铁桌子，被吐槽素质低。有网友还表示她脚上的“小雏菊”是假的…… 此外，还有薛之谦、吴宣仪、杨洋、郑爽……都有情不自禁的时候。 就连女神大幂幂，在没离婚时还将脚放在公共座椅上。 虽然很多网友都觉得这些明星知错能改就好，但面对娱乐圈各种艺人频频出现这种情况，小编觉得以后的演艺学院在上课时，要先给明星好好开一堂礼仪课，告诉他们什么应该做，什么不该做，身为公众人物在公众场合应该注意哪些。相信这样，应该会比在网上建议他们改正要有效的多。不知大家还有没有什么好建议呢？ 返回搜狐，查看更多 责任编辑：', 'bc6c1367-ebf7-4e68-9d33-c1cbad7ffe16.jpg', '2', '8', '156', '0', '0', '1', '0', '2020-01-11 14:38:20', '2020-01-11 14:38:20', '原标题：45岁梅婷踩飞机椅背完美避开显示屏，港媒：脚法纯熟 昨天，有网友将飞机上拍到梅婷踩椅背的照片曝光，梅婷很快就引来众多观众的讨伐。 有人指“作为老戏骨没想到素质这么差”，此事也破坏了梅婷在网友心中的形象。 确认过眼神，是梅婷本人无疑。 有意思的是，今天很多营销号都用#梅婷脚踩飞机显示屏#为话题', '0', null, null, null);
INSERT INTO `cms_article` VALUES ('189', '6岁女孩乳房发育，7岁男孩睾丸发育！家长注意这些原因导致性早熟', '原标题：6岁女孩乳房发育，7岁男孩睾丸发育！家长注意这些原因导致性早熟 父母都盼着孩子快快长大， 但事实可能并不尽如人意。 6岁女童乳房发育， 男孩不到7岁睾丸开始发育…… 性早熟相关新闻 在近些年屡见不鲜！ 温州市中西医结合医院新生儿科、儿童保健科副主任医师黄育丹表示，性早熟发病率在我国呈逐年升高趋势。 2018年的一项调查数据显示，全国约有53万名儿童性早熟患儿，但就诊率偏低。 性早熟对孩子有什么影响？ 性早熟是指女孩在8岁前第二性征发育或10岁前月经来潮，男孩9岁前出现第二性征发育。性早熟会严重影响儿童身心健康。 1.成年身高低 由于性发育过早，受体内性激素影响，骨骼成熟较快，骨骺提前闭合，多导致成年终身高低于普通人群。 2.可能带来心理问题 由于第二性征过早发育及性成熟，但心理智力发育水平仍为实际年龄，可能带来相应的心理问题，比如自卑、自闭心理，也给生活带来诸多不便，严重者影甚至影响读书学习。 如何早期发现性早熟？ 1.第二性征发育出现 以女孩出现乳房结节，男孩睾丸容积增大为首发表现（女孩8岁前，男孩9岁前）。 2.线性生长加速： 在正常性发育的过程中可出现生长加速，一般女孩9—10岁，男孩11～12岁出现生长加速 3.骨龄超前 骨龄超过实际年龄1岁或1岁以上。 4.性腺增大 盆腔B超显示女孩子宫、卵巢容积、卵泡增大；男孩睾丸容积增大（大于4ml）。 HPGA功能启动：血清促性腺激素及性激素达青春期水平。 黄育丹医师提醒，性早熟还包括中枢性性早熟、外周性性早熟、不完全性性早熟等。如果家长发现孩子出现性早熟的症状， 要及时就医。 如何预防性早熟？ 1、警惕营养过剩 现在的家庭生活条件优越，营养改善，疾病减少，儿童生长和发育出现了加速趋势，导致性发育提前者增多。 尽量不给孩子吃太油腻的食物，发胖会增加孩子性早熟的发生率。 2、环境污染问题 现代社会的工业污染增多，这些污染残留通过皮肤或其他接触途径，是儿童性早熟的一个诱因。 3、减少含激素食物 现在很多禽肉类中，可能含有大量的激素（植物激素不被人体吸收影响），一些性激素间接进入人体后，会导致儿童性早熟。 少给孩子吃初乳、蚕蛹、蜂王浆等进补品；避免给孩子吃受激素影响的反季水果、禽类脖颈等。 4、不要盲目进补 补品是引起孩子性早熟的元凶之一。 一些家长常给孩子吃增食欲、益智健脑的保健品，殊不知，这些补品当中，常常含有激素成分，长期服用，可引起儿童血液中的激素水平上升，从而导致儿童性早熟。 5、避免接触避孕药、化妆品 避孕药和化妆品也可能导致性早熟。要把药品、化妆品放在孩子拿不到的地方。 6、避免接触性信息 现在，孩子不但可以从电视中获取到大量具有性暗示的画面，而且可以从报纸上、网络上接触到性信息。 家长们要注意避免不良文化的刺激，有意识地切断“儿童不宜”的影视作品。 受邀专家介绍 市中西医新生儿科主任、儿童保健科副主任医师 黄育丹 中国医师协会全国新生儿专科医师医联体专家委员会委员，毕业于温州医学院（现温州医科大学）儿科系，从事儿科临床工作二十余年，曾赴复旦大学附属儿科医院进修。 擅长：儿童保健、性早熟、矮小症、高危儿管理、新生儿危重症等。 周二、周四、周日上午 来源：健康导医 编辑：叶娇慧 审核：张李琦返回搜狐，查看更多 责任编辑：', '1b90e4dc219f41dd70f7b9c14fcb4f0a.jpg', '8', '32', '156', '0', '0', '1', '0', '2020-01-11 14:38:20', '2020-01-11 14:38:20', '原标题：6岁女孩乳房发育，7岁男孩睾丸发育！家长注意这些原因导致性早熟 父母都盼着孩子快快长大， 但事实可能并不尽如人意。 6岁女童乳房发育， 男孩不到7岁睾丸开始发育…… 性早熟相关新闻 在近些年屡见不鲜！ 温州市中西医结合医院新生儿科、儿童保健科副主任医师黄育丹表示，性早熟发病率在我国呈逐年升高', '0', null, null, null);
INSERT INTO `cms_article` VALUES ('190', '80岁大爷被查出梅毒，原来是因这“坏习惯”！这样被传染太意外！', '原标题：80岁大爷被查出梅毒，原来是因这“坏习惯”！这样被传染太意外！ 80岁的刘老伯近来有些崩溃，他在医院检查时，竟然被查出严重梅毒！刘老伯大喊冤枉：自己从未寻花问柳，哪来的梅毒？ 当刘老伯来到厦门大学附属中山医院皮肤科就诊时，医生发现他手掌和脚掌都出现了很厚的痂皮，部分脱落甚至形成糜烂面。 刘老伯告诉医生，这些症状已经几个月了，一开始还只是有大片红斑，没有明显的瘙痒和疼痛感。在当地的诊所诊断后说是“过敏”，但服药后也没有出现好转，还出现越来越严重的迹象。 医生建议刘老伯抽血化验，化验结果出来，竟是梅毒，而且还是二期梅毒阶段。 刘老伯想不明白，自己已经很多年没有夫妻生活了，怎么就感染了梅毒呢？ 在医生了解了刘老伯平时的生活情况后，认为这次感染很可能和刘老伯的补牙经历有关。 原来，在最近十年里，刘老伯多次在当地镇上一个私人诊所补牙，由于是私人诊所，卫生条件很可能不过关。 在补牙过程中容易出现出血的情况，如果前一个患者患有梅毒，在这里补牙后使用过的器械就会被污染，而器械消毒又没有达到标准，这样就会传染给下一个患者。 刘老伯的事例也告诉我们，千万不要因为一时方便或者便宜，就到一些没有卫生资质的诊所看病，尤其是一些侵入性治疗，很可能会造成一些可怕的后果。 梅毒是人类独有的疾病，显性和隐性梅毒患者是传染源，感染梅毒的人的皮损及其分泌物、血液中含有梅毒螺旋体。 感染梅毒后的头2年最具传染性，在4年后性-传播的传染性将大为下降。 梅毒患者的皮肤、黏膜中含梅毒螺旋体，未患病者在与梅毒患者的性-接触中，皮肤或黏膜如果有细微破损就会被病毒感染而得病。 （关注公众号深读视频，深读君携手六十万三甲医生，24小时为你提供在线问诊服务。先看视频了解疾病再问诊，清楚） 梅毒通过输血的途径传播是极少数的。获得性梅毒（后天）早期梅毒病人是传染源，95%以上是通过危险的或无保护的性-行为传染，少数通过接亲吻、输血、污染的衣物等传染。 输入含有梅毒螺旋体的血液和血制品，破损的皮肤或粘膜接触到梅毒螺旋体，都可能被感染。 所以，有输血需要的时候，务必去正规医院输血，不跟别人共用针头。牙刷和剃须刀等私人物品也不要混用。 和梅毒患者吃饭会被传染吗？ 其实，梅毒螺旋体离开人体，抵抗力就会变得很弱。梅毒螺旋体怕干燥，怕加热，怕消毒剂，很容易死翘翘，所以共餐、握手、接吻等日常接触几乎不可能感染。不过，在治好前最好还是先避免亲密接触哦。 那些被梅毒患者接触过的东西，烧开水煮一煮、晒一晒，消消毒就可以达到杀菌的效果。 （关注公众号深读视频，深读君携手六十万三甲医生，24小时为你提供在线问诊服务。先看视频了解疾病再问诊，清楚） 返回搜狐，查看更多 责任编辑：', '1b90e4dc219f41dd70f7b9c14fcb4f0a.jpg', '9', '31', '156', '0', '0', '1', '0', '2020-01-11 14:38:20', '2020-01-11 14:38:20', '原标题：80岁大爷被查出梅毒，原来是因这“坏习惯”！这样被传染太意外！ 80岁的刘老伯近来有些崩溃，他在医院检查时，竟然被查出严重梅毒！刘老伯大喊冤枉：自己从未寻花问柳，哪来的梅毒？ 当刘老伯来到厦门大学附属中山医院皮肤科就诊时，医生发现他手掌和脚掌都出现了很厚的痂皮，部分脱落甚至形成糜烂面。 刘老', '0', null, null, null);
INSERT INTO `cms_article` VALUES ('191', 'CES2020高通展前携手合作伙伴大秀肌肉', '原标题：CES2020:高通展前携手合作伙伴大秀肌肉 【PChome美国拉斯维加斯报道】2020年美国CES消费电子展将于北京时间1月8日至1月11日在美国内华达州拉斯维加斯市举行，本站前方特派记者团从展会现场发回报道。 CES2020开展前夕，高通召开了面向全球媒体的记者会。会上高通邀请全球合作伙伴代表——联想、捷豹路虎等公司上台公布最新的产品计划。并发布了全新的AI计算加速器AI 100系列硬件，以及面向L4级智能驾驶平台骁龙Ride。 高通在去年12月公布了5G的最新产品系列，其中针对智能手机平台使用的骁龙865平台和骁龙765G平台已经逐步交付给各手机品牌。尽管今天没有手机合作伙伴亲自到场，但这并不影响高通总裁安蒙(Cristiano Amon)再一次介绍OPPO、小米将在2020年Q1率先推出基于骁龙865平台的5G手机。 而在5G PC方面，联想在活动现场发布了YOGA 5G笔记本电脑。这也是全球首款5G PC产品。它采用骁龙8cx 5G解决方案，支持Sub-6GHz和毫米波，支持eSIM卡。配备14英寸全高清IPS触摸屏、并支持360°翻转。整机重量仅1.3kg，续航时间可达24小时。Yoga 5G将在2020年春季推出，定价1499美元（约10418人民币）。 早在19年4月，高通曾经推出了一款专用于AI计算的Cloud AI 100处理器，它采用7nm工艺，性能比发布时业界最先进的 AI 推理解决方案高出 10 倍以上。今天高通推出了基于AI 100芯片的加速卡和加速器，前者使用PCI-E接口，可以安装到服务器中使用。后者提供独立主机，可单独在各种环境中使用。通过这个AI 100可以为 5G 提供更低的延迟，并为云和边缘带来更高的性能和效率。 高通凭借骁龙处理器在移动计算、5G网络等领域已经非常成功。此前高通曾以车联网为切入点涉足过汽车领域，并取得了不错的成绩。从2002与通用合作安吉星开始，至今已有超过10亿辆汽车使用高通Automotive解决方案。在活动中，高通邀请到捷豹路虎方面的高层分享与高通的合作故事。 今天高通宣布推出骁龙Ride平台，包括安全系统及芯片、安全加速器和在自动驾驶软件栈。高通骁龙Ride自动驾驶平台采用了可扩展且模块化的异构多核CPU，能够支持自动驾驶系统的三个细分领域，覆盖L1/ L2级别主动安全ADAS、L2+级别“便利性”ASDS以及L4/ L5级别完全自动驾驶，并提供业界领先的散热效率。 高通全新推出的、专门面向自动驾驶的软件栈是集成在Snapdragon Ride平台中的模块化可扩展解决方案，旨在帮助汽车制造商和一级供应商加速开发和创新。这款软件栈通过面向复杂用例而优化的软件和应用，帮助汽车制造商为日常驾驶带来更高的安全性和舒适性。骁龙Ride平台将成为英特尔Mobiley的最强劲竞争对手之一。返回搜狐，查看更多 责任编辑：', 'bc6c1367-ebf7-4e68-9d33-c1cbad7ffe16.jpg', '5', '20', '156', '0', '0', '1', '0', '2020-01-11 14:38:20', '2020-01-11 14:38:20', '原标题：CES2020:高通展前携手合作伙伴大秀肌肉 【PChome美国拉斯维加斯报道】2020年美国CES消费电子展将于北京时间1月8日至1月11日在美国内华达州拉斯维加斯市举行，本站前方特派记者团从展会现场发回报道。 CES2020开展前夕，高通召开了面向全球媒体的记者会。会上高通邀请全球合作伙', '0', null, null, null);
INSERT INTO `cms_article` VALUES ('192', 'Redmi Note系列将迎来新配色：新年系列不只有一款', '原标题：Redmi Note系列将迎来新配色：新年系列不只有一款 【手机中国新闻】转眼春节就要到了，作为中华民族最重要的节日没有之一，自然需要好好地庆祝。为了迎接春节，很多厂家都推出了新年限定商品。而近日Redmi也表示，“新年就要出色”，将为旗下的Redmi Note系列带来全新配色。 从海报以及新年的时间点来看，Redmi Note系列的新配色应该会是喜气的中国红，Redmi Note 8和Redmi Note 8 Pro可能都会迎来全新的配色。红米手机在独立后推出了多款机型，销量和口碑都很不错。新年限定配色或许会为其销量再助力一波。 配置方面，Redmi Note 8 Pro采用了一块6.53英寸水滴屏，搭载了联发科Helio G90T芯片，拥有前置2000万像素，后置6400万的AI四摄，以及一块4500mAh的电池。无论是硬件配置还是外观设计Redmi Note系列都十分不错，可以期待下新年配色了！返回搜狐，查看更多 责任编辑：', 'bc6c1367-ebf7-4e68-9d33-c1cbad7ffe16.jpg', '1', '2', '156', '0', '0', '1', '0', '2020-01-11 14:38:20', '2020-01-11 14:38:20', '原标题：Redmi Note系列将迎来新配色：新年系列不只有一款 【手机中国新闻】转眼春节就要到了，作为中华民族最重要的节日没有之一，自然需要好好地庆祝。为了迎接春节，很多厂家都推出了新年限定商品。而近日Redmi也表示，“新年就要出色”，将为旗下的Redmi Note系列带来全新配色。 从海报以及', '0', null, null, null);
INSERT INTO `cms_article` VALUES ('193', 'Telegram：即时通讯服务不会整合 TON Wallet 加密货币钱包', '原标题：Telegram：即时通讯服务不会整合 TON Wallet 加密货币钱包 Telegram 在官方网站发布一篇 稿件 ，对 TON 区块链和 Grams 加密货币进行说明。 Telegram 表示，它暂时不会将 TON Wallet 和 Grams 加密货币整合到它的即时通讯产品 Telegram 中。 不过 Telegram 也表示，在法律和政府机构允许的范围内，Telegram 未来可能会将 TON Wallet 与 Telegram 即时通讯应用整合。Telegram 强调称，Grams 并不是一种投资工具，它们将只能作为一种交易方式。 2018 年 1 月，Telegram 加密货币领域，准备发起自家的区块链平台及加密货币。不过在 2019 年 10 月，美国证券交易委员会（SEC） Telegram 的 17 亿美元加密货币计划，Telegram 不得不将区块链的发布推迟到 2020 年 4 月。 题图：Unsplash返回搜狐，查看更多 责任编辑：', '9f299e04f92eef4158a3fdd1c158c65b.jpg', '1', '1', '156', '0', '0', '1', '0', '2020-01-11 14:38:20', '2020-01-11 14:38:20', '原标题：Telegram：即时通讯服务不会整合 TON Wallet 加密货币钱包 Telegram 在官方网站发布一篇 稿件 ，对 TON 区块链和 Grams 加密货币进行说明。 Telegram 表示，它暂时不会将 TON Wallet 和 Grams 加密货币整合到它的即时通讯产品 Tele', '0', null, null, null);
INSERT INTO `cms_article` VALUES ('194', '[快讯]MSCI推出固定收益ESG及因子指数系列', '原标题：[快讯]MSCI推出固定收益ESG及因子指数系列 全景网1月8日讯 MSCI今日推出MSCI固定收益环境、社会和公司治理（ESG）及因子指数系列，为机构投资者提供更广泛的创新固定收益服务和解决方案。MSCI美洲指数产品主管JanaHaines指出:\"我们很高兴推出新一代固定收益指数。投资者对ESG及因子的需求日益殷切,期望把ESG因素纳入各类资产,并根据利差、质量、价值、规模及风险等不同因子制定更准确的投资策略,以更好地分辨、计量和管理投资组合的风险及回报。\"（全景网）返回搜狐，查看更多 责任编辑：', null, '5', '18', '156', '0', '0', '1', '0', '2020-01-11 14:38:20', '2020-01-11 14:38:20', '原标题：[快讯]MSCI推出固定收益ESG及因子指数系列 全景网1月8日讯 MSCI今日推出MSCI固定收益环境、社会和公司治理（ESG）及因子指数系列，为机构投资者提供更广泛的创新固定收益服务和解决方案。MSCI美洲指数产品主管JanaHaines指出:\"我们很高兴推出新一代固定收益指数。投资者对', '0', null, null, null);
INSERT INTO `cms_article` VALUES ('195', '视野  审判再推迟成导火线？与戈恩同行的泰勒是谁？', '原标题： 视野 | 审判再推迟成导火线？与戈恩同行的泰勒是谁？ 戈恩逃离日本的更多细节逐渐浮出水面 编译 | 杨玉科 笨笨猫 编辑 | Jane 来源 | Reuters Bloomberg 来自帮宁工作室（gbngzs）的报道 更多细节逐渐浮出水面。 据接近卡洛斯·戈恩（Carlos Ghosn）的消息人士称，戈恩是在得知对他的审判被推迟到2021年4月，同时他希望与妻子讲话的申请又遭拒绝之后，才决定逃离日本的。 戈恩在日本面临两场审判。他在最近一次法庭听证会上得知，其中一场审判将从原定的2020年9月推迟到2021年4月。此前，两场审判都没有给出确定日期，但人们普遍预计至少有一场审判会于2020年4月开始。 “他们（检方）说，还得需要一整年时间来进行准备工作……因为不能与妻子见面，也不能同妻子讲话,戈恩感到非常痛苦。”一位接近戈恩的消息人士说。 根据保释条款，戈恩被禁止与妻子卡罗尔·戈恩(Carole Ghosn)交流，他被软禁在东京的家里，并被限制使用互联网和其他通讯工具。甚至在圣诞节期间，他申请与妻子见面或交谈的请求也被拒绝。 消息人士还透露，2019年12月初，戈恩的女儿和儿子在美国受到日本检方的讯问。戈恩得知消息后非常不安，他确信日本当局试图通过向他的家人施压迫使他招供。 戈恩的律师弘中惇一郎（Junichiro Hironaka）办公室、法国驻东京大使馆以及东京地区检察官办公室均未置评。 01． 能像戈恩那样成功逃离的人凤毛麟角 2020年1月4日，三名消息人士对路透社透露，2019年12月29日，日产汽车雇佣的安保公司停止了对戈恩的监视，当日中午戈恩便离开了东京住所。 这三名消息人士称，戈恩在取保候审期间，（除日本检方对戈恩的视频监视外），日产汽车也聘请了一家私人安保公司对戈恩进行监视，防止他与该案有关的人见面。 不过，戈恩的律师后来警告日产汽车雇佣的安保公司，不要再监视戈恩，因为这会侵犯戈恩的人权。戈恩也正在计划对该安保公司提起诉讼。这家安保公司在2019年12月29日停止对戈恩监控。 弘中惇一郎2019年11月曾对记者表示，他们正在考虑采取措施，防止人们跟踪戈恩。 日产汽车发言人拒绝置评。 日本公共广播公司(NHK)援引调查消息称，日本当局在戈恩家中安装的监控摄像头显示，戈恩于2019年12月29日中午独自离开，没有看到他返回的影像。 《华尔街日报》2020年1月3日曾报道称，戈恩搭乘一架私人飞机悄悄溜出日本，他藏在一个通常用于安置音响设备的黑色大箱子里。该报援引知情人士的话表示，陪同戈恩的两名男子名字与美国两名安全承包人名字相符。 戈恩的另一名辩护律师高野隆(Takashi Takano)2020年1月4日在博客中写道，当得知戈恩逃离日本消息时，他感到愤怒和背叛，不过一定程度上他能理解戈恩。 “我被背叛了。但背叛我的并不是戈恩。”高野隆继续写道，一方面，未经允许，戈恩不得与妻子卡罗尔交流，另一方面，这位前日产汽车老板担心自己能否得到公正审判。 “2019年12月24日，经允许，戈恩和妻子进行了一个小时的视频通话，但通话必须要求有律师在场，他们聊起了孩子、亲戚和朋友。”视频通话时，高野隆就在现场。 能像戈恩那样成功逃脱的人凤毛麟角，但如果他们有手段有人脉，他们肯定会去尝试，或者至少会去考虑这个事情，高野隆这样写道。 戈恩将于2020年1月8日公开谈论逃离事件。 02． “绿色贝雷帽”泰勒 据Bloomberg消息，从日本乘坐私人飞机逃离时，与戈恩同行的是两名有私人安保业务背景的美国人。其中一名美国人曾经是绿色贝雷帽（美国陆军特种部队成员），他在解救人质方面有着丰富经验，但也曾因欺诈罪而入狱。 知情人士透露，这架从大阪飞往伊斯坦布尔的逃亡航班旅客名单里并没有戈恩的名字，但其中有两名乘客值得注意：一名叫迈克尔·泰勒(Michael Taylor)，另一名是乔治·安东尼·扎耶克(George-Antoine Zayek)。 泰勒最早是一名特种部队伞兵，拥有丰富多彩的职业生涯。对泰勒来说，戈恩大逃亡这一剧情只是最新一集插曲。离开特种部队后，泰勒曾为美国执法部门做卧底，后又建立安保公司，服务范围涵盖世界各地。 泰勒是一个另类的存在——作为一个公众人物，他既不为人知，又非同寻常，而且经常身不由己地游走在法律两边。 有关戈恩逃离日本的细节仍然很少。他在黎巴嫩发表一份声明称，他在没有家人帮助的情况下逃离。 目前尚不清楚他如何与泰勒和扎耶克取得联系，亦或是除泰勒和扎耶克外，还有没有其他人参与协助戈恩完成这一戏剧性大逃亡。可以确定的是，这三个人都与黎巴嫩有着千丝万缕的联系。 据可靠消息，戈恩和这两名美国人于2019年12月29日乘坐一架由土耳其MNG控股公司运营的包机离开日本。《华尔街日报》最先报道了戈恩的飞行同伴，《纽约时报》报道称，几个月前，黎巴嫩中间人介绍了泰勒和戈恩。 泰勒电影般的生平事迹在法庭文件、新闻报道、书籍以及其位于波士顿地区的美国国际安保公司(American International Security Corp.)的网站都有详细记载。他一度曾被《纽约时报》聘用，为一起备受瞩目的人质案件工作。 03． “绑架”行动 2008年，《纽约时报》记者大卫·罗德（David Rohde）在阿富汗被绑架后，泰勒告诉罗德的妻子Kristen Mulvihill，他可以不拿赎金实施营救，他之前也曾这样做过。 罗德成功逃脱后，他和妻子一起写了一本书，叙述这次绑架事件。据Mulvihill在书中回忆，泰勒当时说，“赤裸裸的绑架”。后来在泰勒还未行动之前，罗德自行逃脱了。 现年59岁的泰勒出生于纽约州史坦顿岛，被一名当兵的继父收养。从马萨诸塞州高中毕业后，他在美国陆军特种部队服役四年，曾从高达4万英尺的高空跳伞到热点地区。 1982年，在黎巴嫩当选总统遇刺和以色列入侵之后，泰勒第一次来到贝鲁特。根据犹他州联邦法院的一份判决备忘录，泰勒曾帮助训练黎巴嫩作战部队，并“与黎巴嫩基督教社区建立了长久关系”。 6年多前，泰勒在犹他州认罪。1985年，他遇到妻子拉米亚(Lamia)，并娶她为妻。之后，他搬回波士顿郊区，养育了3个儿子。 在黎巴嫩，泰勒学会了阿拉伯语，和中东各地建立了联系。回国后，他把技能传授给美国执法和情报机构。 泰勒当了10年预备役军人，1991年被派去参加海湾战争，但未能出征。备忘录显示，当时他是美国调查黎巴嫩贝卡谷地（Bekaa Valley）大麻走私和洗钱活动的卧底。这次行动以查获3吨大麻告终。 后来，泰勒以私人安保承包商身份回到黎巴嫩，训练黎巴嫩基督教武装。1992年，他协助美国官方调查一个涉嫌制造高质量100美元假钞的组织。他认定这些“超级纸币”是“1979年伊朗革命前为国王工作的一群伊朗人伪造的”。 泰勒曾为美国政府和私人客户——如美国广播公司(ABC)、达美航空公司(Delta Airlines)和迪斯尼冰上乐园(Disney on Ice)等工作。他的公司提供个人安全保护，雇佣前军事人员、前警察和退休特工。他的网站上宣传说:“专业处理紧急情况，同时提供强大安保措施，以阻止任何可能针对客户的跟踪、攻击、盗窃或犯罪行为。” 04． 私人保镖 作为一名经验丰富的秘密特工，泰勒显然精通何时需要分享信息，何时需要保持缄口不言。2020年1月4日在接受电话采访时，泰勒的妻子拉米亚说，她不知道其丈夫是否在戈恩从日本飞离的那趟航班上。 “我一点都不知情。” 当被问及丈夫是否能接电话或回电话时，拉米亚说泰勒接不了电话。“他出国了。” 外界对扎耶克不甚了解。据网上资料和文件显示，扎耶克曾与泰勒的公司以及另一家安保公司合作，但外界对他了解较少。扎耶克也是黎巴嫩马龙派基督徒家庭的一员。 法庭记录显示，泰勒的公司曾从五角大楼获得一份5400万美元的订单，服务内容包括在阿富汗训练特种部队。2010年，泰勒和他的公司成为犹他州大陪审团调查对象，原因是涉嫌合同欺诈和洗钱。最终，泰勒承认了电信欺诈和服务欺诈，被判处24个月监禁。 此案中还牵扯出两名男子，其中一名是在联邦调查局(FBI)工作了24年的老将，他收受贿赂，试图阻挠大陪审团的调查。这名前特工被判10年监禁。 根据泰勒的判决备忘录，2012年被捕时，泰勒是“历史上最重要的缉毒行动之一的关键人物和关键环节”。这份备忘录对调查细节进行了修订，同时提到了联邦缉毒局。 当500万美元的公司资产被查封后，泰勒从当局收到200万美元退税。他开始重建生意，服务项目包括解救被配偶绑架的儿童。 现在，他的服务对象又多了一位前日产汽车高管。这位高管的支持者们认为，他是不公正的日本司法系统的受害者。 1997年，一位母亲写信给泰勒的量刑法官，赞扬泰勒帮助解救了她在黎巴嫩被绑架的女儿。“我认为，我和泰勒的关系不仅仅是一份雇佣关系。”这位母亲写道，“他的内心和灵魂一步一步地指引他去做正义的事情。”返回搜狐，查看更多 责任编辑：', '9f299e04f92eef4158a3fdd1c158c65b.jpg', '9', '30', '156', '0', '0', '1', '0', '2020-01-11 14:39:30', '2020-01-11 14:39:30', '原标题： 视野 | 审判再推迟成导火线？与戈恩同行的泰勒是谁？ 戈恩逃离日本的更多细节逐渐浮出水面 编译 | 杨玉科 笨笨猫 编辑 | Jane 来源 | Reuters Bloomberg 来自帮宁工作室（gbngzs）的报道 更多细节逐渐浮出水面。 据接近卡洛斯·戈恩（Carlos Ghosn）', '0', null, null, null);
INSERT INTO `cms_article` VALUES ('196', '100光年外有另一个“地球”：美国宣布发现类地宜居行星 ', '原标题：100光年外有另一个“地球”：美国宣布发现类地宜居行星 【环球时报综合报道】据美国“太空”网站7日报道，美国国家航空航天局（NASA）在夏威夷举行的美国天文学年会上宣布发现一颗与地球大小类似的宜居行星。这也是美国“系外行星探测器‘苔丝’（TESS）”发现的首颗类地宜居行星。 报道称，“苔丝”的任务是在太空中找出和地球大小相当、绕行宿主恒星的类地行星。在它观测到的40万颗明亮恒星中，科学家们已选出1822颗最可能存在与我们地球相似的系外行星。 这次发现的类地行星名为TOI 700d，围绕着一颗距离地球100光年的恒星（TOI 700）运转。不过NASA科学家们开始时错误地把TOI 700判定为一颗与太阳大小接近的恒星，这意味着它的行星们会比实际情况更大，温度也更高。但多名业余天文学家发现这个错误，其中还包括一名高中生史宾塞。芝加哥大学研究生吉伯特表示：“我们修正恒星的体积后，行星的大小也跟着下调，最终我们发现最远的一颗行星体积和地球相当，并且恰好位于可居住区域。” 根据调整后的数据，TOI 700的质量和大小只有太阳的40%，表面温度只有太阳的一半。行星TOI 700d是围绕这颗恒星运转的3颗行星之一，它的距离刚好能在恒星的宜居带中支持液态水的存在。它是3颗行星中最外层的一颗，每37个地球日绕恒星运行一圈。TOI 700d从恒星那里接收的能量，大约是地球从太阳接收能量的86%。天文学家们认为，该行星存在“潮汐锁定”现象，也就是说它的某一面总是白天。▲ （陈 山）返回搜狐，查看更多 责任编辑：', '1b90e4dc219f41dd70f7b9c14fcb4f0a.jpg', '5', '18', '156', '0', '0', '1', '0', '2020-01-11 14:39:30', '2020-01-11 14:39:30', '原标题：100光年外有另一个“地球”：美国宣布发现类地宜居行星 【环球时报综合报道】据美国“太空”网站7日报道，美国国家航空航天局（NASA）在夏威夷举行的美国天文学年会上宣布发现一颗与地球大小类似的宜居行星。这也是美国“系外行星探测器‘苔丝’（TESS）”发现的首颗类地宜居行星。 报道称，“苔丝”', '0', null, null, null);
INSERT INTO `cms_article` VALUES ('197', '1月8日早盘主力巨资出逃四大板块(附股)', '原标题：1月8日早盘主力巨资出逃四大板块(附股) 1月8日早盘主力巨资出逃四大板块(附股)|||| 两市个股资金流入前20股 截止10:29:00,沪市累计净流入-116.52亿元,深市累计净流入-117.33亿元,两市累计净流入-233.85亿元 股票名称 股票代码 涨幅 净流入 (万元) ↓累计流入 (万元) 累计流出 (万元) 净流入指标 成交占比 京东方Ａ 000725 4.91% 96542.66 58.07 17.31% 东方日升 9.87% 54872.69 88349.12 33476.43 463.10 44.76% 新 大 陆 000997 9.17% 49263.46 67074.72 243.26 26.09% 航天彩虹 002389 8.99% 37335.28 64297.11 26961.83 409.76 38.29% 旭升股份 10.00% 26846.73 42562.50 15715.77 940.84 45.41% *ST信威 5.11% 26369.18 39553.14 13183.96 355.89 48.73% 威唐工业 9.99% 22843.56 28851.48 6007.93 1386.13 63.96% 四维图新 002405 3.40% 21447.84 69671.35 48223.51 75.88 17.91% 大北农 002385 10.01% 20918.65 20918.65 0.00 93.77 99.35% 奥特佳 002239 10.19% 19494.40 31258.01 11763.61 264.88 44.84% 新国都 6.50% 18242.50 47209.65 28967.15 249.39 23.35% 东睦股份 10.01% 16630.35 30587.51 13957.16 266.69 35.74% 荃银高科 9.99% 15176.61 15176.61 0.00 292.63 100.00% 风华高科 000636 5.65% 15033.41 61625.62 46592.21 92.53 13.54% 超图软件 10.02% 14605.08 44376.45 29771.37 147.51 19.10% 北特科技 10.06% 14066.66 20285.67 6219.00 567.96 51.68% 赤峰黄金 8.50% 14057.03 41479.87 27422.84 154.47 20.38% 常铝股份 002160 10.05% 13558.29 13558.29 0.00 477.60 99.72% 金辰股份 10.00% 13504.25 19092.05 5587.80 1059.75 53.44% 万向钱潮 000559 10.00% 13349.84 21546.02 8196.18 76.00 43.04% #JRJ分页符# 两市个股资金流出前20股|||| 两市个股资金流出前20股 截止10:29:00,沪市累计净流入-116.52亿元,深市累计净流入-117.33亿元,两市累计净流入-233.85亿元 股票名称 股票代码 涨幅 净流入 (万元) ↓累计流入 (万元) 累计流出 (万元) 净流入指标 成交占比 中信证券 -1.87% -29463.16 69554.03 99017.19 -11.90 17.34% 中国长城 000066 -3.06% -28908.24 18859.29 47767.53 -74.69 42.95% 欧菲光 002456 -4.27% -27408.73 52700.05 80108.77 -66.36 20.41% 中国平安 -0.95% -26150.07 64186.39 90336.47 -2.83 16.75% 华天科技 002185 -4.85% -24295.13 36575.88 60871.01 -119.02 24.72% 东方财富 -1.92% -23262.54 41908.00 65170.54 -27.04 21.43% 兴业银行 -1.75% -20994.22 26411.10 47405.32 -5.61 27.92% 浪潮信息 000977 -4.06% -19010.43 20862.91 39873.34 -49.12 30.01% 贵州茅台 -0.74% -18920.91 44400.97 63321.88 -1.39 17.42% 浙江龙盛 -2.46% -18665.00 16921.33 35586.34 -40.18 35.28% 东华软件 002065 -5.08% -16470.92 32417.56 48888.47 -57.07 20.16% 海通证券 -2.35% -15998.39 23852.97 39851.36 -12.86 24.49% 三安光电 -2.84% -15906.10 36150.44 52056.54 -21.08 17.73% 交通银行 -1.05% -13918.54 4309.45 18227.98 -6.30 61.49% 中兴通讯 000063 -0.60% -13737.55 39042.29 52779.84 -11.00 14.90% 嘉化能源 -4.76% -13514.79 11893.34 25408.13 -88.52 35.77% 中信建投 -2.61% -13439.24 26393.66 39832.89 -50.11 20.13% 紫光国微 002049 -2.29% -12774.19 15751.35 28525.54 -41.20 28.74% 五 粮 液 000858 -0.31% -12559.54 22949.81 35509.34 -2.57 21.27% 长电科技 -5.97% -12539.56 42579.84 55119.40 -59.07 12.71% #JRJ分页符# 两市板块净流入排名(表)|||| 两市板块净流入排名(表) 截止10:29:00,沪市累计净流入-116.52亿元,深市累计净流入-117.33亿元,两市累计净流入-233.85亿元 行业名称 涨幅 净流入 (万元) ↓累计流入 (万元) 累计流出 (万元) 净流入指标 成交占比 贡献度最大 居民服务、修理和其他服务业 -0.79% -95.03 340.76 435.79 -10.52 12.21% 百邦科技 教育 -0.63% -2352.21 4654.30 7006.51 -5.23 22.97% 紫光学大 住宿和餐饮业 -1.25% -2845.95 5694.31 8540.26 -4.98 16.87% 首旅酒店 卫生和社会工作 -0.62% -10031.10 59844.73 69875.82 -3.75 11.46% 美年健康 综合 -1.22% -13986.13 73994.02 87980.14 -11.54 13.97% 东阳光 水利、环境和公共设施管理业 -1.08% -25960.88 52637.19 78598.07 -11.08 22.07% 碧水源 科学研究和技术服务业 -0.76% -29370.36 95217.03 -10.41 8.40% 柏堡龙 租赁和商务服务业 -0.64% -33302.25 -5.94 8.08% 因赛集团 采矿业 0.22% -36093.72 -1.24 5.33% 赤峰黄金 农、林、牧、渔业 -0.29% -37284.81 -7.60 10.31% 福成股份 #JRJ分页符# 两市板块净流出排名(表)|||| 两市板块净流出排名(表) 截止10:29:00,沪市累计净流入-116.52亿元,深市累计净流入-117.33亿元,两市累计净流入-233.85亿元 行业名称 涨幅 净流入 (万元) ↓累计流入 (万元) 累计流出 (万元) 净流入指标 成交占比 贡献度最大 制造业 -0.45% -4.22 4.45% 惠发食品 金融业 -1.30% -4.27 24.05% 九鼎投资 信息传输、软件和信息技术服务业 -1.20% -11.63 9.94% 中昌数据 房地产业 -1.23% -5.00 16.07% 鲁商发展 批发和零售业 -0.72% -84862.90 -7.24 9.03% 东方银星 文化、体育和娱乐业 -1.80% -78890.82 -16.14 14.65% 中文在线 交通运输、仓储和邮政业 -1.13% -71504.93 -4.58 24.90% 海汽集团 电力、热力、燃气及水生产和供应业 -0.79% -65421.68 -4.20 20.13% 银星能源 建筑业 -0.87% -50743.23 -4.38 13.45% 同济科技 农、林、牧、渔业 -0.29% -37284.81 -7.60 10.31% 福成股份 #JRJ分页符# 沪市主力大单流入前20股|||| 沪市主力大单流入前20股 实时行情截至:2020-01-08 10:29:32 资金流入流出统计 股票名称 股票代码 收盘价 涨跌幅 大单(万股) 买入净量占流通盘比列 买入 卖出 买卖差 当日 T-1 T-2 一周 *ST信威 3.91 5.11% 9634 3515 6119.0 3.229% 0.046% 0.095% 3.599% *ST庞大 1.53 4.79% 5299 1222 4077.0 0.3986% 0.504% -0.082% 0.8096% 赤峰黄金 6.38 8.5% 5859 3737 2122.0 1.4877% -0.283% 1.608% 3.4477% ST锐电 1.16 3.57% 3207 1278 1929.0 0.3199% 0.055% 0.013% 0.4139% 中国重工 5.44 1.87% 3869 2325 1544.0 0.0844% -0.011% -0.035% 0.1804% 东睦股份 10.22 10.01% 2369 888 1481.0 2.4272% -0.329% -0.316% 3.2552% 北特科技 7.55 10.06% 1787 535 1252.0 3.8166% -1.046% 1.878% 4.7706% 动力源 5.45 10.1% 976 219 757.0 1.3682% -0.063% 0.331% 1.6452% *ST鹏起 2.08 5.05% 2614 1968 646.0 0.4274% 1.467% 1.753% 5.3334% 浙江富润 12.01 6.47% 2760 2140 620.0 1.4048% 1.953% -0.023% 3.4738% 山煤国际 10.07 10.05% 616 0 616.0 0.3107% 0.22% 0.565% 1.5937% 青山纸业 2.2 2.8% 1035 441 594.0 0.2576% 0.204% 0.051% 0.5616% 航天电子 6.31 1.61% 1578 1005 573.0 0.237% -0.217% -0.102% 0.174% 风神股份 5.61 10.0% 800 280 520.0 0.9246% -0.023% 0.064% 0.9776% *ST金山 2.1 5.0% 651 133 518.0 0.3517% -0.033% 0.096% 0.3757% 凌云股份 9.48 0.0% 1745 1243 502.0 0.9205% 3.721% 0.51% 5.1275% 北方导航 9.22 3.36% 1198 724 474.0 0.3183% -0.179% 0.191% 0.6973% 山东黄金 38.0 3.37% 2208 1770 438.0 0.1994% -0.315% 0.626% 1.0864% 四川路桥 3.51 0.29% 1311 913 398.0 0.1151% 0.539% -0.194% 0.5931% 旭升股份 45.08 9.95% 440 54 386.0 6.1008% 0.964% 7.444% 14.9198% #JRJ分页符# 深市主力大单流入前20股|||| 深市主力大单流入前20股 实时行情截至:2020-01-08 10:29:36 资金流入流出统计 股票名称 股票代码 收盘价 涨跌幅 大单(万股) 买入净量占流通盘比列 买入 卖出 买卖差 当日 T-1 T-2 一周 京东方Ａ 000725 4.91 4.91% 67228 47539 19689.0 0.5815% -0.159% 0.0010% 1.3105% 奥特佳 002239 2.38 10.19% 12885 5023 7862.0 2.5425% 1.98% 2.794% 7.2695% 常铝股份 002160 4.16 10.05% 2985 0 2985.0 4.3741% 0.385% 1.018% 5.6961% 东方日升 17.03 9.87% 4553 1574 2979.0 4.2816% 2.806% 0.047% 7.2966% 新 大 陆 000997 20.1 9.06% 5161 2777 2384.0 2.3685% 1.745% -0.23% 4.3905% 航天彩虹 002389 15.26 8.92% 3766 1506 2260.0 3.7876% 3.776% 0.533% 8.4136% 大北农 002385 8.02 10.01% 2119 0 2119.0 0.7618% 0.169% 0.26% 3.4878% 万向钱潮 000559 6.38 10.0% 2776 825 1951.0 0.7086% -0.031% 0.054% 0.7016% 天龙集团 4.39 10.03% 3241 1320 1921.0 3.3011% 5.322% -0.899% 16.3221% *ST斯太 000760 1.72 4.88% 1661 257 1404.0 2.1453% -0.732% 2.831% 4.3973% 四维图新 002405 18.03 3.92% 3190 1856 1334.0 0.8467% 0.198% 0.541% 1.8117% 佳创视讯 7.61 7.94% 2690 1481 1209.0 3.7497% 3.923% 2.686% 22.4827% 亚太股份 002284 5.76 7.06% 1323 298 1025.0 1.4941% -0.013% 0.402% 1.9491% 新金路 000510 4.72 10.02% 991 0 991.0 1.8035% 0.197% 0.093% 1.7285% 拓日新能 002218 3.52 4.14% 5071 4103 968.0 0.7962% 4.278% -0.024% 5.1782% 风华高科 000636 18.09 5.3% 2792 1967 825.0 0.9216% -1.384% -0.332% 2.3146% 荃银高科 14.87 9.99% 805 0 805.0 2.308% 0.74% 0.768% 5.367% 华东科技 000727 2.13 0.95% 1201 415 786.0 0.2682% 0.0030% -0.434% 0.0222% 天汽模 002510 6.57 10.05% 782 0 782.0 0.9937% 7.476% 7.204% 16.5527% 天海防务 3.31 4.75% 2004 1260 744.0 1.2349% 0.433% 0.141% 2.7769% #JRJ分页符# 沪市主力大单流出前20股|||| 沪市主力大单流出前20股 实时行情截至:2020-01-08 10:29:35 资金流入流出统计 股票名称 股票代码 收盘价 涨跌幅 大单(万股) 卖出净量占流通盘比列 买入 卖出 买卖差 当日 T-1 T-2 一周 包钢股份 1.35 -1.46% 2824 6953 4129.0 0.1303% -0.282% -0.159% -0.5827% 永泰能源 1.5 -1.96% 3632 6419 2787.0 0.2243% -0.521% -0.209% -0.9337% 海航控股 1.78 -1.66% 1211 3760 2549.0 0.1551% -0.282% 0.0050% -0.4009% 交通银行 5.63 -1.05% 486 2622 2136.0 0.0544% -0.011% 0.052% 0.0634% 农业银行 3.69 -0.81% 2052 4181 2129.0 0.0072% -0.027% 0.0060% -0.0328% 中国建筑 5.97 -0.83% 2191 4081 1890.0 0.0459% 0.063% -0.084% -0.1291% 新湖中宝 3.96 -2.22% 2355 3912 1557.0 0.1811% -0.552% 0.181% -0.7049% 科达股份 5.51 -4.01% 1234 2674 1440.0 1.1223% -1.392% -0.828% -1.8327% 山东钢铁 1.45 -1.36% 370 1740 1370.0 0.1252% -0.116% 0.06% -0.2258% 农发种业 3.45 -4.17% 1219 2530 1311.0 1.2861% 0.962% -6.399% -9.8759% 浙商银行 4.74 -0.63% 819 2084 1265.0 0.6118% 0.483% 0.7% 2.6198% 中国银行 3.7 -0.54% 1097 2338 1241.0 0.0059% -0.021% 0.011% -0.0061% 工商银行 5.93 -1.33% 1483 2691 1208.0 0.0045% 0.0010% 0.0040% -0.0145% 中信证券 25.23 -1.83% 1890 3094 1204.0 0.1227% -0.198% 0.0070% 0.1127% 新潮能源 2.27 0.89% 3455 4591 1136.0 0.2804% 0.354% -0.246% -0.4016% 兴业银行 19.63 -1.8% 745 1853 1108.0 0.0582% 0.0010% 0.028% 0.0482% 天风证券 7.01 -2.37% 973 2064 1091.0 0.4638% -0.32% 0.229% 1.7148% 太平洋 3.69 -1.86% 1354 2412 1058.0 0.1552% -0.148% 0.058% 0.1382% 海通证券 15.38 -2.35% 791 1840 1049.0 0.1296% 0.047% -0.025% 0.1716% 中国国航 9.04 -2.8% 1203 2247 1044.0 0.1105% -0.036% 0.266% 0.4135% #JRJ分页符# 深市主力大单流出前20股|||| 深市主力大单流出前20股 实时行情截至:2020-01-08 10:29:36 资金流入流出统计 股票名称 股票代码 收盘价 涨跌幅 大单(万股) 卖出净量占流通盘比列 买入 卖出 买卖差 当日 T-1 T-2 一周 华天科技 002185 7.47 -4.6% 4223 7426 3203.0 1.169% 0.75% -0.5% 1.651% 金正大 002470 2.96 -2.95% 864 2661 1797.0 0.6335% -0.215% -1.156% -1.2515% 欧菲光 002456 15.47 -4.33% 2571 4356 1785.0 0.669% 0.687% -0.253% 1.179% TCL 集团 000100 4.75 3.94% 17715 19458 1743.0 0.1363% -0.331% -0.147% -1.0787% 利欧股份 002131 2.89 -2.69% 3519 5187 1668.0 0.3085% -0.697% 0.952% -0.3425% 中国长城 000066 15.54 -3.06% 494 2151 1657.0 0.6653% -0.315% 0.038% 0.4513% 东华软件 002065 10.27 -5.17% 2667 4176 1509.0 0.5375% -0.237% 0.206% 0.4075% 东方财富 15.82 -1.98% 1825 3284 1459.0 0.2684% 0.288% -0.506% 0.0084% 新文化 5.82 1.22% 2688 4044 1356.0 1.9229% -2.051% -3.396% -7.4341% 金科文化 3.67 -2.65% 4397 5733 1336.0 0.5889% -2.507% -0.3% -2.5821% 盛运环保 1.6 -3.03% 570 1852 1282.0 1.1231% 0.27% -0.219% 0.0521% 大康农业 002505 1.82 -1.62% 615 1890 1275.0 0.2324% 0.133% -0.161% -0.1806% 二三四五 002195 3.37 -2.6% 3424 4641 1217.0 0.2149% -0.84% -0.158% -1.2761% 坚瑞沃能 1.76 -1.68% 957 2053 1096.0 0.5565% 1.549% 0.531% 2.1265% 美锦能源 000723 9.34 -2.81% 512 1598 1086.0 0.2876% 0.065% -0.207% 0.3846% 神火股份 000933 5.3 -3.11% 493 1509 1016.0 0.5346% -0.278% -0.092% 0.7626% 天广中茂 002509 1.49 -1.97% 196 1197 1001.0 0.4793% -0.234% 0.036% -0.7647% 联创股份 3.45 -2.54% 1041 1944 903.0 1.1388% 1.517% -0.474% -10.3982% 华谊兄弟 4.95 -3.7% 891 1778 887.0 0.4011% -1.345% 0.095% -0.9559% 捷成股份 4.36 0.93% 5266 6123 857.0 0.4785% -2.378% -0.643% -2.8605% #JRJ分页符# 沪市主力控盘个股一览(表)|||| 沪市主力控盘个股一览(表) 实时行情截至:2020-01-08 10:29:36 振幅排名 股票名称 股票代码 收盘价 涨跌幅 振幅 换手率 当日 3日 5日 凌云股份 9.48 0.0% 17.7494% 5.9165% 3.5499% 8.03% 日出东方 8.42 6.58% 17.1053% 5.7018% 3.4211% 8.2% 天奈科技 40.63 12.39% 16.3314% 5.4438% 3.2663% 0.02% 兴图新科 57.0 5.75% 13.9958% 4.6653% 2.7992% 0.07% 当虹科技 110.0 -2.57% 12.7445% 4.2482% 2.5489% 0.01% 北特科技 7.55 10.06% 12.1212% 4.0404% 2.4242% 11.06% 安源煤业 2.96 -4.21% 12.0996% 4.0332% 2.4199% 4.92% 动力源 5.45 10.1% 11.9097% 3.9699% 2.3819% 3.58% 格尔软件 39.01 6.01% 11.7489% 3.9163% 2.3498% 6.3% 妙可蓝多 16.6 2.22% 11.5854% 3.8618% 2.3171% 2.73% 永悦科技 12.59 -0.94% 11.4152% 3.8051% 2.283% 3.26% 风神股份 5.61 10.0% 11.2426% 3.7475% 2.2485% 3.03% 国机汽车 6.4 4.92% 11.204% 3.7347% 2.2408% 1.86% 东睦股份 10.22 10.01% 11.0043% 3.6681% 2.2009% 7.62% *ST信威 3.91 5.11% 10.7345% 3.5782% 2.1469% 7.3% *ST鹏起 2.08 5.05% 10.582% 3.5273% 2.1164% 3.58% *ST游久 2.96 4.96% 10.4089% 3.4696% 2.0818% 3.28% 晶方科技 52.78 -4.92% 10.107% 3.369% 2.0214% 7.29% 上海亚虹 13.45 3.7% 9.9237% 3.3079% 1.9847% 4.77% 海创B股 0.188 -2.59% 9.8446% 3.2815% 1.9689% 0.07% #JRJ分页符# 深市主力控盘个股一览(表)|||| 深市主力控盘个股一览(表) 实时行情截至:2020-01-08 10:29:18 振幅排名 股票名称 股票代码 收盘价 涨跌幅 振幅 换手率 当日 3日 5日 天龙集团 4.39 10.03% 16.5289% 5.5096% 3.3058% 9.08% 和顺电气 7.64 5.38% 13.2756% 4.4252% 2.6551% 4.95% 威唐工业 21.35 9.99% 13.1172% 4.3724% 2.6234% 21.86% 新国都 21.49 6.7% 12.8345% 4.2782% 2.5669% 10.68% 四通新材 17.6 7.45% 12.766% 4.2553% 2.5532% 8.74% 欢瑞世纪 000892 6.96 -0.85% 12.5392% 4.1797% 2.5078% 6.53% 万里马 6.61 2.01% 12.3939% 4.1313% 2.4788% 19.65% 凯中精密 002823 11.6 5.55% 12.38% 4.1267% 2.476% 5.41% 广东鸿图 002101 9.2 7.85% 12.1588% 4.0529% 2.4318% 4.76% 浙江世宝 002703 5.35 10.08% 11.9497% 3.9832% 2.3899% 2.14% 长亮科技 25.8 4.16% 11.5183% 3.8394% 2.3037% 8.6% 联得装备 32.21 10.01% 11.4526% 3.8175% 2.2905% 10.18% 奥 特 迅 002227 12.79 8.11% 11.4478% 3.8159% 2.2896% 3.31% 天海防务 3.31 4.75% 11.4379% 3.8126% 2.2876% 7.74% 万向钱潮 000559 6.38 10.0% 11.4082% 3.8027% 2.2816% 1.79% 星云股份 18.06 9.99% 11.3916% 3.7972% 2.2783% 5.42% 亚太股份 002284 5.76 7.06% 11.194% 3.7313% 2.2388% 4.18% 金河生物 002688 7.89 5.34% 11.0132% 3.6711% 2.2026% 5.22% 炼石航空 000697 12.02 5.16% 10.4278% 3.4759% 2.0856% 1.39% 佳创视讯 7.61 7.94% 10.2964% 3.4321% 2.0593% 16.72% #JRJ分页符# 当日板块资金龙虎榜(附股)|||| 当日板块资金龙虎榜(附股) 实时行情截至:2020-01-08 10:30:00 当日板块龙虎榜板块名称 涨跌幅 资金流入(万元) 贡献最大个股 个股涨跌幅 个股涨跌比 无人船 2.02% 852.38 华测导航 4.25% 1:2 新能源车零部件 1.9% 51960.91 奥特佳 10.19% 24:39 特斯拉 1.81% 奥特佳 10.19% 87:138 共享汽车 1.64% 3727.35 万安科技 7.13% 5:8 裸眼3D 1.62% 京东方Ａ 4.91% 4:6 南北船合并 1.53% 14724.11 中国应急 5.76% 8:10 黄金珠宝 1.5% 28128.66 赤峰黄金 8.33% 23:37 华为汽车 1.5% 29179.03 星云股份 9.99% 8:15 细胞免疫 1.35% -817.55 姚记科技 8.68% 2:5 无人驾驶 1.27% -6297.36 模塑科技 10.11% 42:73 汽车后市场 1.22% 5646.99 广东鸿图 7.62% 12:23 太空互联网 1.15% 12392.2 航天通信 4.78% 10:13 航母 1.08% 32971.53 亚星锚链 3.74% 23:27 信息系统 1.06% 946.76 精准信息 6.02% 17:24 航天 1.02% 1529.08 航天通信 4.67% 9:12 海工装备 1.02% 18291.88 天海防务 4.75% 12:21 北斗导航 1.02% 36235.75 林州重机 10.1% 24:39 太赫兹 0.98% -3340.52 天和防务 2.64% 6:7 白银 0.97% -8319.99 荣华实业 5.05% 7:14 武器装备 0.96% -1343.21 天汽模 10.05% 24:33 来源:金融界网站返回搜狐，查看更多 责任编辑：', '9f299e04f92eef4158a3fdd1c158c65b.jpg', '4', '13', '156', '0', '0', '1', '0', '2020-01-11 14:39:30', '2020-01-11 14:39:30', '原标题：1月8日早盘主力巨资出逃四大板块(附股) 1月8日早盘主力巨资出逃四大板块(附股)|||| 两市个股资金流入前20股 截止10:29:00,沪市累计净流入-116.52亿元,深市累计净流入-117.33亿元,两市累计净流入-233.85亿元 股票名称 股票代码 涨幅 净流入 (万元) ↓累计', '0', null, null, null);
INSERT INTO `cms_article` VALUES ('199', '2020胡润新金融50强公布 老虎证券连续四年上榜', '原标题：2020胡润新金融50强公布 老虎证券连续四年上榜 金融界网站讯1月7日，2020胡润新金融百强榜峰会在深圳召开。在峰会开幕式上，胡润发布了当天最重磅、最核心的“2020胡润新金融50强”榜单。作为中国互联网券商的领军企业，老虎证券凭借强大的金融科技实力和快速发展的投行业务，成功入选该榜单。据悉，这是老虎证券连续第四次上榜。 胡润百富是权威财富调研机构，旗下胡润百富榜是中国最知名的财富排行榜，创刊20年以来已经成为中国民营经济以及新贵阶层的风向标。今年也是胡润百富连续第五年发布面向新金融领域的排行榜。 （老虎证券荣获“2020胡润新金融百强榜”奖牌） 过去几年，老虎证券几乎成了华人投资者在美国华尔街的代言人。2015年，在城市中产旺盛的投资需求下，美股中大量的明星公司、中概股成为理想标的，由于老虎证券的软件和交易通道填补了市场空白，很快获得投资者热捧。此后不到三年时间，平台交易规模便突破万亿，老虎证券作为先行者迅速成长为华人市场中美股交易规模第一的互联网券商。 规模扩大的同时，老虎证券也在不断进行业务创新。从搜狗开始，老虎证券开创了美股打新的先河，支持APP“一键申购”，率先打破了机构和高净值人群对美股新股申购的垄断。过去的两年多来，老虎证券已先后向投资者提供了超过40只的美股打新服务，这一数字遥遥领先其他互联网券商，包揽了爱奇艺、虎牙、拼多多、哔哩哔哩、360金融、腾讯音乐等一大批中概股的独家打新。2019年硅谷独角兽Zoom在纳斯达克上市，老虎证券也拿下独家份额，成为全球唯一提供Zoom新股申购的互联网券商。 在打新服务不断成熟的基础上，这个以美港股经纪业务起家的互联网券商，乘着新经济的浪潮与国际大行同台竞技，目前也是投行中的一匹黑马。 回顾去年的美股IPO市场，在市场环境多变的背景下，市场份额明显向券商行业头部集中，实力券商竞争优势尤为凸显。整年约有29家中国企业赴美上市，多家中外投行参与了承销商资格的竞逐。其中，老虎证券作为新兴投资银行助力18家中国公司美股IPO，承销项目达到12个，成为承销最多中概股上市项目的券商，其承销项目包括网易有道、36氪、斗鱼、新氧、跟谁学、云集、万达体育、嘉楠科技等，可谓不折不扣的黑马。 此外，老虎证券也在去年成功拿下了由FINRA（美国金融业监管局）颁发的美国投行牌照，在美成功构建了从私募融资、发行承销、证券交易、财富管理到清算的完整业务闭环。目前，在美国、新加坡、新西兰、澳大利亚、中国香港地区等多个国家和地区，老虎证券已获得21个证券牌照或资质。 根据公开资料，老虎证券成立于2014年，是一家高速成长的华人互联网券商，旨在通过金融科技提高每个人的投资效率。公司当前以经纪业务为核心，主要面向普通投资者及机构投资者提供美股、港股、英股、A股（沪港通/深港通）等全球主要市场的股票交易服务，同时涵盖资产管理和财富管理服务、机构和企业服务及投资者教育等多种增值服务。目前，公司已取得美国、新西兰、澳大利亚、新加坡的券商牌照或许可。 来源:金融界网站返回搜狐，查看更多 责任编辑：', '1b90e4dc219f41dd70f7b9c14fcb4f0a.jpg', '2', '7', '156', '0', '0', '1', '0', '2020-01-11 14:39:30', '2020-01-11 14:39:30', '原标题：2020胡润新金融50强公布 老虎证券连续四年上榜 金融界网站讯1月7日，2020胡润新金融百强榜峰会在深圳召开。在峰会开幕式上，胡润发布了当天最重磅、最核心的“2020胡润新金融50强”榜单。作为中国互联网券商的领军企业，老虎证券凭借强大的金融科技实力和快速发展的投行业务，成功入选该榜单。', '0', null, null, null);
INSERT INTO `cms_article` VALUES ('200', '2万人包围美国大使馆，750名美军几乎陷入困境，已发出求救信号', '原标题：2万人包围美国大使馆，750名美军几乎陷入困境，已发出求救信号 图为被围攻的美国大使馆 近日，据媒体报道，在伊朗军中2号人物苏莱曼尼将军被美军公然空袭斩首后，2万人包围了美国驻伊拉克大使馆并进行四面围攻，据悉，这些人几乎都来自对美军作为不满的伊拉克民众，前刚调入保卫大使馆的750名美军几乎陷入困境，目前已向美国本土发出求救信号，对于750名美军精锐陷入被动，考虑到当前紧张的地区形势，美伊大战可谓一触即发。 此次事件的导火索是美国接连在伊拉克发起的空袭行动，在猎杀苏莱曼尼之前，美军对伊拉克反美武装的空袭已经造成了25人死亡和数十人受伤，还造成了巨大的人员和财产损失，并引起了伊拉克民众的抗议及其对美国驻巴格达大使馆的第一次围攻，此举无疑惹恼了美国人，于是后者便趁热打铁地刺杀了苏莱曼尼，还捎带着杀死了伊朗与黎巴嫩反美武装的高层，这自然引发了伊拉克民众更大的方案，对巴格达使馆的第二轮围攻也就接踵而至了。 图为伊朗将军被袭现场画面 从美军这两次空袭的效果来看，第一次杀伤近百人，第二次则直接斩首包括伊朗军方2号人物在内多名反美头目，仅仅从战术层面来看，美国人似乎又获胜了，然而，美国公然在伊拉克境内狂轰滥炸和谋杀伊朗国民英雄的行为无疑彻底惹恼了伊朗，后者高层接连发出强硬表态，要让美国为自己的行为付出代价，同时亲伊朗的伊拉克民众也看清了美国的霸道行径，在这种背景下，2万人包围美国驻伊拉克大使馆并进行四面围攻也就不足为奇了。 图为中东美军 此次被四面围攻的美国驻伊拉克大使馆占地约0.44平方公里，也是伊拉克境内单座面积最大的大使馆，几乎与世界最小袖珍国梵蒂冈的大小相当，同时也是美国在海外规模最庞大、造价最昂贵的大使馆之一，这也难怪早前美国在大使馆被打砸焚烧后如此愤怒，特朗普当即下令派遣750名精锐部队驻守严防，武装直升机不间断在使馆上空盘旋，以严防突发事件。 值得注意的是，上一次美国驻外大使馆遭遇如此恶劣的冲击还是在40年前，当时500多名愤怒的伊朗民众强行冲入德黑兰美国大使馆并占领了该使馆的主体建筑，66名美国外交官员遭到长期扣押，该事件一出当即让世界哗然，也让美国颜面尽失，所以有分析担心，这次位于伊拉克的美国大使馆遭到冲击很可能重蹈覆辙，使得局势继续恶化，美国提前调兵遣将也就是为防不测。 图为美国大使馆外愤怒的伊拉克民众 而对于此次再次出现大规模的民众包围冲击美国驻伊拉克大使馆事件，且参与人数达到两万之多，有分析指出，这也从侧面说明了伊拉克政府的某种默许，此次事件看似偶然，但是背后也有着深层次的原因，那就是美国近20年来在中东地区的所作所为并没有给伊拉克民众带来生活上的改观，而是连续多年的战乱，不过，局势的恶化这也给了美国又一个增兵伊拉克的借口，由此，美国和伊朗之间的较量还将继续滑向深水区。返回搜狐，查看更多 责任编辑：', '9f299e04f92eef4158a3fdd1c158c65b.jpg', '4', '13', '156', '0', '0', '1', '0', '2020-01-11 14:39:30', '2020-01-11 14:39:30', '原标题：2万人包围美国大使馆，750名美军几乎陷入困境，已发出求救信号 图为被围攻的美国大使馆 近日，据媒体报道，在伊朗军中2号人物苏莱曼尼将军被美军公然空袭斩首后，2万人包围了美国驻伊拉克大使馆并进行四面围攻，据悉，这些人几乎都来自对美军作为不满的伊拉克民众，前刚调入保卫大使馆的750名美军几乎陷', '0', null, null, null);
INSERT INTO `cms_article` VALUES ('201', '30亿欧元“赞助”环球，腾讯在2019年最后一天，下了步闲棋', '原标题：30亿欧元“赞助”环球，腾讯在2019年最后一天，下了步闲棋 文|张书乐 闲棋也是险棋，很容易闲着闲着就打了水漂了。 哪怕是在泛文娱领域已经帝国化的腾讯，也是处心积虑了。 2019年最后一天，环球音乐集团（UMG）获得了30亿欧元的战略投资，背后买家，正是来自此前传言的腾讯爸爸。 据了解，环球音乐是20世纪全球最大的唱片(音像制品制作，出版，发行)集团，其前身为宝丽金唱片，在全球几十个国家和地区设有子公司，旗下世界知名的歌手包括帕瓦罗蒂（已逝）、多明戈、卡雷拉斯、Lady Gaga、泰勒·斯威夫特、张学友、谭咏麟等众多明星。 早在2019年夏，有关腾讯即将收购10%的环球音乐集团股权一事，就已经甚嚣尘上。 但某种意义上，环球音乐尽管是一个全球老大，但是却由于唱片产业的衰落和数字音乐崛起，其所代表的传统音乐公司们，已经逐步成为了沦为夕阳产业。 马化腾为何想要拿下环球？中国音乐市场的付费习惯养成，是一个起手原因。 数据显示，2018年中国数字音乐市场规模达到76.3亿元，用户数超过7亿，其中用户付费的收入为45.2亿元，占比达到接近60%。且目前中国有96%的消费者收听正版音乐。 同时，目前，腾讯音乐拥有中国最全的音频视频格式的音乐内容储存，包括来自200多个国内和国际音乐品牌的超过2000万首歌曲。 但实际上来说，老大也并不宽裕。腾讯音乐娱乐集团第三季度财报显示，其2019年第三季度总营收同比增长31.0%至人民币65.1亿元。对于腾讯其他领域，这不过是个零头。 实际上，腾讯的野心更大，贫道称之为：落闲子有野望。 腾讯需要不断的扩大自己在音乐版权领域的占有力，与其周期性的与版权方进行谈判和续约，不如依靠自身财力来成为版权方一份子。 这样的好处很多。 一来解决了一定的续约问题。 二来让自己真正成为了在线音乐版权的王者，毕竟自己真正成为了全球顶级音乐版权方的股东，对于丰富自己的音乐库有极大裨益。 三来在下一阶段以音乐版权来形成内容领域的控制力上，也有好处。 音乐版权未必只是卖歌。 前不久爆发的短视频音乐版权问题，对于一直想要在短视频发力却不得门而入的腾讯而言，这将成为它家短视频（无论是微视还是关联紧密的快手）与抖音的差异性，对于深度内容创作者来说具有一定诱惑。 以此类推，已经在国内日渐完善的音乐版权体系，将不仅仅只是作用于在线音乐平台之上，更可以作为必要元素影响更多内容原创领域。 在音乐版权上花的钱，未必通过卖歌来回收，更可以成为更多内容制作领域的“抓手”，让内容创作者真正离不开、也不能离开腾讯体系。 所以，发力音乐版权，本身带有一定的“借力打力”的味道。 至于是否要付费听歌，人家没计划在此处赚钱，或许以后还会成为更深度的福利。 挖墙脚未必直接砸钱。 音乐的实现场景并不是只有播放器一途。 它基本上是视频领域的刚需，而且视频或许掌握技术就能自造，但音乐就不是视频制作者们自己能独立完成的了。 何况，需要的曲库如果平台不提供、自己又无处购买，对于做大做强中的短视频创作者来说，都意味着风险。 但如果此刻有平台大批量提供免费、海量或低价海量的曲库呢，结果不言而喻。 这也是最高明的挖墙脚手段 当腾讯把周围的布局落子完毕，再开展攻势，看似强大的对手或许就难以招架了。 张书乐 人民网、人民邮电报专栏作者，互联网和游戏产业观察者返回搜狐，查看更多 责任编辑：', '9f299e04f92eef4158a3fdd1c158c65b.jpg', '9', '29', '156', '0', '0', '1', '0', '2020-01-11 14:39:30', '2020-01-11 14:39:30', '原标题：30亿欧元“赞助”环球，腾讯在2019年最后一天，下了步闲棋 文|张书乐 闲棋也是险棋，很容易闲着闲着就打了水漂了。 哪怕是在泛文娱领域已经帝国化的腾讯，也是处心积虑了。 2019年最后一天，环球音乐集团（UMG）获得了30亿欧元的战略投资，背后买家，正是来自此前传言的腾讯爸爸。 据了解，环', '0', null, null, null);
INSERT INTO `cms_article` VALUES ('205', '80岁大爷被查出梅毒，原来是因这“坏习惯”！这样被传染太意外！', '原标题：80岁大爷被查出梅毒，原来是因这“坏习惯”！这样被传染太意外！ 80岁的刘老伯近来有些崩溃，他在医院检查时，竟然被查出严重梅毒！刘老伯大喊冤枉：自己从未寻花问柳，哪来的梅毒？ 当刘老伯来到厦门大学附属中山医院皮肤科就诊时，医生发现他手掌和脚掌都出现了很厚的痂皮，部分脱落甚至形成糜烂面。 刘老伯告诉医生，这些症状已经几个月了，一开始还只是有大片红斑，没有明显的瘙痒和疼痛感。在当地的诊所诊断后说是“过敏”，但服药后也没有出现好转，还出现越来越严重的迹象。 医生建议刘老伯抽血化验，化验结果出来，竟是梅毒，而且还是二期梅毒阶段。 刘老伯想不明白，自己已经很多年没有夫妻生活了，怎么就感染了梅毒呢？ 在医生了解了刘老伯平时的生活情况后，认为这次感染很可能和刘老伯的补牙经历有关。 原来，在最近十年里，刘老伯多次在当地镇上一个私人诊所补牙，由于是私人诊所，卫生条件很可能不过关。 在补牙过程中容易出现出血的情况，如果前一个患者患有梅毒，在这里补牙后使用过的器械就会被污染，而器械消毒又没有达到标准，这样就会传染给下一个患者。 刘老伯的事例也告诉我们，千万不要因为一时方便或者便宜，就到一些没有卫生资质的诊所看病，尤其是一些侵入性治疗，很可能会造成一些可怕的后果。 梅毒是人类独有的疾病，显性和隐性梅毒患者是传染源，感染梅毒的人的皮损及其分泌物、血液中含有梅毒螺旋体。 感染梅毒后的头2年最具传染性，在4年后性-传播的传染性将大为下降。 梅毒患者的皮肤、黏膜中含梅毒螺旋体，未患病者在与梅毒患者的性-接触中，皮肤或黏膜如果有细微破损就会被病毒感染而得病。 （关注公众号深读视频，深读君携手六十万三甲医生，24小时为你提供在线问诊服务。先看视频了解疾病再问诊，清楚） 梅毒通过输血的途径传播是极少数的。获得性梅毒（后天）早期梅毒病人是传染源，95%以上是通过危险的或无保护的性-行为传染，少数通过接亲吻、输血、污染的衣物等传染。 输入含有梅毒螺旋体的血液和血制品，破损的皮肤或粘膜接触到梅毒螺旋体，都可能被感染。 所以，有输血需要的时候，务必去正规医院输血，不跟别人共用针头。牙刷和剃须刀等私人物品也不要混用。 和梅毒患者吃饭会被传染吗？ 其实，梅毒螺旋体离开人体，抵抗力就会变得很弱。梅毒螺旋体怕干燥，怕加热，怕消毒剂，很容易死翘翘，所以共餐、握手、接吻等日常接触几乎不可能感染。不过，在治好前最好还是先避免亲密接触哦。 那些被梅毒患者接触过的东西，烧开水煮一煮、晒一晒，消消毒就可以达到杀菌的效果。 （关注公众号深读视频，深读君携手六十万三甲医生，24小时为你提供在线问诊服务。先看视频了解疾病再问诊，清楚） 返回搜狐，查看更多 责任编辑：', '9f299e04f92eef4158a3fdd1c158c65b.jpg', '9', '30', '156', '0', '0', '1', '0', '2020-01-11 14:39:30', '2020-01-11 14:39:30', '原标题：80岁大爷被查出梅毒，原来是因这“坏习惯”！这样被传染太意外！ 80岁的刘老伯近来有些崩溃，他在医院检查时，竟然被查出严重梅毒！刘老伯大喊冤枉：自己从未寻花问柳，哪来的梅毒？ 当刘老伯来到厦门大学附属中山医院皮肤科就诊时，医生发现他手掌和脚掌都出现了很厚的痂皮，部分脱落甚至形成糜烂面。 刘老', '0', null, null, null);
INSERT INTO `cms_article` VALUES ('209', '[快讯]MSCI推出固定收益ESG及因子指数系列', '原标题：[快讯]MSCI推出固定收益ESG及因子指数系列 全景网1月8日讯 MSCI今日推出MSCI固定收益环境、社会和公司治理（ESG）及因子指数系列，为机构投资者提供更广泛的创新固定收益服务和解决方案。MSCI美洲指数产品主管JanaHaines指出:\"我们很高兴推出新一代固定收益指数。投资者对ESG及因子的需求日益殷切,期望把ESG因素纳入各类资产,并根据利差、质量、价值、规模及风险等不同因子制定更准确的投资策略,以更好地分辨、计量和管理投资组合的风险及回报。\"（全景网）返回搜狐，查看更多 责任编辑：', '9f299e04f92eef4158a3fdd1c158c65b.jpg', '8', '32', '156', '0', '0', '1', '0', '2020-01-11 14:39:30', '2020-01-11 14:39:30', '原标题：[快讯]MSCI推出固定收益ESG及因子指数系列 全景网1月8日讯 MSCI今日推出MSCI固定收益环境、社会和公司治理（ESG）及因子指数系列，为机构投资者提供更广泛的创新固定收益服务和解决方案。MSCI美洲指数产品主管JanaHaines指出:\"我们很高兴推出新一代固定收益指数。投资者对', '0', null, null, null);
INSERT INTO `cms_article` VALUES ('215', '《梁祝》经典的当代重构', '原标题：《梁祝》经典的当代重构 原标题：《梁祝》经典的当代重构 作为一部影响几代中国人的经典艺术作品，《梁祝》小提琴协奏曲一直有着特殊的艺术价值和历史意义。它不仅是一部优秀的音乐作品，更是中国文化符号、民族文化传统的集中体现。今天，我们如何透过作品理解这一超越生死的爱情传奇，音乐剧场《真爱·梁祝》以其独特的艺术形式，在时隔60年之后对经典作品《梁祝》进行再度演绎，为新时代艺术创新开辟了新路径。 《梁祝》爱情的当代解读 《梁祝》之所以广受欢迎，不仅在于它打破了西洋作品一统小提琴音乐的历史，更在于它传达了传统中国一直在弘扬的至真至爱、矢志不渝的爱情观念。 然而近年来，日益兴起的消费文化对传统真爱观构成了冲击，出现了解构爱情的倾向。正如俞丽拿所说：“现在好多年轻人对爱情非常随意，结了婚过两年就可以离婚，谈恋爱、结婚首先看的是房子、车子，这是不应该提倡的。”如何重新定义“真爱”，进而通过文化艺术回复传统爱情观念的有机性，成为当今艺术作品需要面对的问题。音乐剧场《真爱·梁祝》通过对3段爱情故事的演绎，歌颂了以梁祝为代表的超越世俗功利的爱情观念，重构了当今时代的真爱信仰。 从结构设计上看，《真爱·梁祝》用4种不同的舞台表现形式，串联起樊锦诗与彭金章、巴金与萧珊、文成公主与松赞干布3段爱情。其中前3段舞台剧与压轴小提琴协奏曲《梁祝》之间构成了一种微妙的呼应关系：既一脉相承又相互独立，尤其前3个故事，俨然编创者对《梁祝》主题的延伸和重构。 从表现方式上看，前3段故事分别从“学术追求”“生活回忆”“民族融合”三方面，采用舞剧、话剧、音乐剧的舞台形式探寻真爱的存在方式，试图让观众从对过去爱情的刻板印象中走出来，表达了一个坚定的信念：真爱就在平淡的日常生活中，现实生活不是没有真爱，而是缺少发掘爱的眼睛。 从情节处理上看，剧中故事在叙述时均切分为两个时空：樊锦诗与彭金章相识于北大，最终定情于敦煌；巴金与萧珊的爱情在萧珊去世前定下了基调，却在妻子去世后的痛苦中被再度强化；文成公主对松赞干布的情感从对长安城的留恋中走出，在联姻后的婚姻中得以升华。这种双重空间的情节设计，表现了主题背后的深层意蕴：真爱不是一蹴而就的，它理应从日常生活中走出，从琐碎小事中升华。 《梁祝》经典的民族化表达 《梁祝》代表着中华民族的爱情观。60年来，它以其独特鲜明的民族风格和交响曲式，被公认为“中国的罗密欧与朱丽叶”，这与作品创作之初的民族化诉求密不可分。 民族化的关键是大众化。正如俞丽拿所说：“我做学生时，最苦恼的是小提琴不受欢迎，我的初心就是人们可以喜欢上这个洋乐器，同时，中国的小提琴教学水平可以和世界接轨。小提琴协奏曲《梁祝》诞生，58年的小提琴教学实践也取得了一定成果，我的初心达到了。”可以说，《梁祝》虽然采用西方协奏曲的音乐体裁，却运用了以越剧唱腔为主的民族音乐语言，彰显出中国传统文化特色。这种尝试让《梁祝》有了广泛的群众基础，也是其家喻户晓的原因。 与《梁祝》的民族特色相呼应，《真爱·梁祝》在民族性上也进行了诸多探索。内容上，与西方文艺复兴以来喜欢制造禁忌、加大恋爱双方终成眷属难度的方式表现爱情的伟大、悲壮不同，《真爱·梁祝》呈现的是细水长流式的爱情，更强调当代中国人的爱情观应简单纯粹、长久坚守，而非宏大崇高。尤其是樊锦诗和彭金章、巴金和萧珊之间的爱情故事，娓娓道来，更多是现实生活中共同的兴趣爱好和一生的相伴相守。此外，在形式上，《真爱·梁祝》在灯光舞美的设计方面也进行了民族化探索，从雍容华贵的大唐盛世到典雅肃穆的布达拉宫，从大漠敦煌的西域风情到复古知性的老上海，中国历史、文化元素符号的呈现，尽显独有的民族记忆。 《梁祝》创作的家国情怀 俞丽拿“封琴”10年之后再登台，把观众拉回到了1959年上海兰心大剧院，《梁祝》第一次由俞丽拿和上海音乐学院管弦乐队奏响的那一刻。60年来，与《梁祝》这一经典作品广为传颂相伴随的，是新中国成立后祖国日新月异的发展。 当下的文化语境与《梁祝》创作之初相比有了很大变化，新时代的《梁祝》所表达的含义也更加丰富。《真爱·梁祝》通过4段生死相依的爱情，体现了中国人深刻隽永小爱的同时，也包含着家国大爱。樊锦诗与彭金章以共同的学术追求为契机相伴一生，同时也为敦煌文物的发掘和保护作出了卓越贡献。巴金和萧珊的爱情，以巴金散文《怀念萧珊》为剧情依托，写出了特殊年代文艺青年男女的独特追求，故事最后，巴金带着对萧珊的爱投身到祖国的文化建设事业中。文成公主与松赞干布的爱情，以大气磅礴的音乐和壮阔宏大的舞台背景，让观众在颇具政治色彩的联姻中感受到一丝人情味儿，同时也强化了爱情背后的历史意义和文化责任。将个体爱情故事镶嵌入家国情怀的时代背景中，是《真爱·梁祝》的对真爱价值观的另一重建构，让游移在个体情感层面的小爱有了更为深沉的大爱归属。 这种设计无疑是对当今时代爱情观念及伦理价值体系的一次回应。近些年创作的部分文艺作品，虽在努力歌颂爱情，但背后的逻辑与几十年前相比有了较大变化：曾经“为爱为国奉献一生”的信仰体系逐渐瓦解，“不朽的爱情战胜死亡”的理想主义爱情观逐渐崩塌，爱情甚至被放置在天平上成为利益交换的砝码。面对这一复杂的时代背景，《真爱·梁祝》试图重新定义“真爱”，重建小爱与大爱之间的有机联系，使传统爱情故事在新时代有了厚重的历史感。 (责编：刘颖颖、丁涛) 返回搜狐，查看更多 责任编辑：', null, '7', '26', '156', '0', '0', '1', '0', '2020-01-11 14:39:30', '2020-01-11 14:39:30', '原标题：《梁祝》经典的当代重构 原标题：《梁祝》经典的当代重构 作为一部影响几代中国人的经典艺术作品，《梁祝》小提琴协奏曲一直有着特殊的艺术价值和历史意义。它不仅是一部优秀的音乐作品，更是中国文化符号、民族文化传统的集中体现。今天，我们如何透过作品理解这一超越生死的爱情传奇，音乐剧场《真爱·梁祝》以', '0', null, null, null);
INSERT INTO `cms_article` VALUES ('216', '【央视快评】呵护好全人类共同的地球家园', '原标题：【央视快评】呵护好全人类共同的地球家园 1月6日，习近平主席给世界大学气候变化联盟的学生代表回信，高度赞赏同学们对气候变化这个关乎人类未来的问题给予的共同关切，期待同学们为呵护好全人类共同的地球家园积极作为。习主席的回信，情深意切，着眼于人类福祉，激励同学们奋发作为，更充分彰显了中国在生态文明建设中的大国担当。 从梁家河插队期间认识到“人与自然是生命共同体，对自然的伤害最终会伤及人类自己”，到主政浙江时首次提出并亲自践行“绿水青山就是金山银山”的理念，再到气候变化巴黎大会上提出“携手构建合作共赢、公平合理的气候变化治理机制”，习主席对人类发展和生态环境问题始终有着深邃思考和深入实践，并形成了博大精深的习近平生态文明思想。党的十八大把生态文明建设纳入中国特色社会主义事业总体布局。中国的生态文明建设实践，为全球生态建设提供了典范。 应对气候变化，关乎人与自然和谐共生。在习近平生态文明思想指引下，作为负责任大国，中国始终以积极的作为和务实的姿态不断为应对气候变化作出新的贡献。中国将“污染防治”列为三大攻坚战之一，将“绿色”融入新发展理念，将应对气候变化融入国家经济社会发展中长期规划，形成人与自然和谐发展现代化建设新格局。中国主动提出2030年单位国内生产总值二氧化碳排放比2005年下降60%－65%，目前中国已经是世界节能和利用新能源、可再生能源第一大国。我们有信心、有能力实现我们的承诺。 应对气候变化这一人类共同面临的挑战，需要各方共同努力。世界大学气候变化联盟是由中国大学倡议并推动世界大学合作建设全球生态文明、构建人类命运共同体、引领全球应对气候变化合作行动的创新举措。世界各国学生肩负时代责任，积极投身实践，成为应对气候变化的先行者和国际合作桥梁的搭建者，用青春的力量绘就凝聚青年共识的“同心圆”，为构建人类命运共同体添砖加瓦。 “万物各得其和以生，各得其养以成。”应对气候变化是人类共同的事业。大家携起手来，持续为经济社会可持续发展注入“绿色基因”，不断夯固“生态基石”，呵护好全人类共同的地球家园。 央视评论员 编辑：康彦龙责任编辑：王敬东返回搜狐，查看更多 责任编辑：', '9f299e04f92eef4158a3fdd1c158c65b.jpg', '9', '30', '156', '0', '0', '1', '0', '2020-01-11 14:39:30', '2020-01-11 14:39:30', '原标题：【央视快评】呵护好全人类共同的地球家园 1月6日，习近平主席给世界大学气候变化联盟的学生代表回信，高度赞赏同学们对气候变化这个关乎人类未来的问题给予的共同关切，期待同学们为呵护好全人类共同的地球家园积极作为。习主席的回信，情深意切，着眼于人类福祉，激励同学们奋发作为，更充分彰显了中国在生态文', '0', null, null, null);
INSERT INTO `cms_article` VALUES ('222', '为什么说小学阶段培养兴趣，中学拼创造力？', '原标题：为什么说小学阶段培养兴趣，中学拼创造力？ 本文由搜狐教育“格致计划”top榜收录，来源： 少年商学院，作者：李爽，定居英国伦敦的华人博士妈妈，少年商学院国际教育专栏作者 早在一年半以前，英国上议院的议员卢卡斯勋爵就谈起过一种现象： 这些年来，我们发现一些优秀的中国学生去了并不合适他们发展的私立学校，而另外一些出色的私立学校招到的是另外一些不合适的学生。 当然，仅出于多元化这样的基本出发点，也像在回答 周轶君 关于英国教育最好的部分是什么的时候，卢卡斯勋爵说是“国际学生。 ” 他解释说，英国教育界相信，如果你的身边有更多国际学生、更多不同种族和宗教信仰的同伴，你与他们每天交流，一起生活，你会更理解其他的国家、民族以及宗教框架内活生生的个人。 这也是成长中一个非常重要的经验。 也因此，英国的教育不会对国际生说不的。但即使如此，国际生如何适应英国的学校乃至社会和文化，就成为考进学校后最大的挑战。 想要孩子留学时如鱼得水， 要知道语言和成绩只是基石 很多家长说到考虑英国的目标学校，都会瞄准很少的几所。 对国际生而言，这些学校都有单独给国际生的考试，首先第一关就是英语语言，然后才是试卷和面试。 也因此，有着小雅思之称的ukiset越来越热门，私教备考的价格也一路高涨。有些学校发现后，把ukiset改成了其他类型的英语考试试卷。 就像所有的私立学校都在招生时明确表示，我们努力在甄别被私人家教教过的孩子们，我们不希望未来加入我们的学生是这样考进来的。 但家长们不断地有意识或者无意识地忽略这种“警告”，猫鼠游戏玩得不亦乐乎。 英国私校协会2019年的人口普查显示数据，目前有28910名寄宿生来自于中国大陆和中国香港地区，占到总人数的44%，而位居第三位的德籍生仅占7%。 在过去的十年中，英国私立学校的中国学生人数增长了190％以上。 因为，“在中国，有一种感觉，如果您打算花钱购买西方的奢侈品，最好是去西方国家购买，所以哈罗公学本身比哈罗北京国际学校更受人青睐。” 为什么“英国著名私校伊顿公学、哈罗公学等学校在传统的英国家庭和海外家庭中都很受欢迎，因此它们可以按照它们认为合适的比例来平衡本国和海外学生”。 从表面数字来看，国际生在伊顿公学里也有一个固定的比例；再细分下去，国际生里来自中国大陆和其他欧洲国家的生源也有其固定的比例，所以这些学校从数量上保证了自己不会被“国际化”。 纯从市场角度而言，海外生比例过大，失去当地生源，应该是任何一所英国私立学校都不愿意选择的“死”路。 但另一点不可忽视的是，从伊顿到威斯敏斯特公学，这些学校招收的国际生其实也非常“white”，意味着这些国际生其实只是持有外国护照，但他们的自我认同和个性其实是非常“精英化”的。 也因此，这些国际生的适应期很短，甚至如鱼得水，基本不需要适应期，就能全身心投入到英国的私校文化中去。 英国私立小学阶段拼的是兴趣， 中学开始拼创造力 如果你真的参观过英国的100所私立学校，你会发现，如同哈利波特霍格沃茨魔法学校那种的校舍简直绝无仅有，一些老牌的有700年历史的非伦敦中学也许有着花岗岩的庭院和宿舍楼，马场和高尔夫球场。 但在伦敦，更多的学校外面朴素一如居民楼，离校门50米开始有“学校、儿童出没”的交通警示牌，大门口挂上校徽和校名，就是一所学校。 校园里面更简单了，倒是能做到窗明几净，但白墙地板，孩子们席地而坐，很多学校连做运动的大操场都没有。 小小的户外休息处倒是有绳梯、高低树墩等小的游乐设施，还有各种球和老师放出来的折叠塑料爬道，等等。这一点，与日本建筑学家日比野拓的设计观不谋而合：简单、朴素而真实。 也因此，在看到学校时，里面最夺目的色彩是孩子们无忧的笑脸和勃勃生气，以及白墙上他们稚拙但充斥着想象力的各种作品。 比起硬件，学校在课业科目和兴趣俱乐部方面的软件就令人眼花缭乱了。美国大学的博雅教育（liberal arts），在英国是通过小学和中学来完成的。 英国孩子们4岁上小学的reception，4-6岁的这3年，跟中国国内的幼儿园差不多，主要培养孩子的自立能力和学习习惯，让他们交友，并融入小社会（班级和学校）。 套用现代的观念，应该是以培养情商为主。 从3年级开始，课程设置就开始繁复，英语、数学、科学、美术、音乐、戏剧、历史、地理、体育、外语（现在最流行的外语是：西班牙语、法语、德语、意大利语、简体中文）、RS（宗教研究）、DT (数字设计)、计算机、拉丁语、食物营养、体育、PSHE（个人、社会、健康的教育），每周轮流上阵。 这也是为什么在英国的中学毕业考试科目可以达到11到13门。就每一个科目的学术目标而言，小学阶段需要完成的是培养兴趣，因为兴趣是激发孩子学习的原动力。而中学的特点是“创造力”。 除了课内时间，每个学校还拼课外俱乐部的数量和难度。 比如伦敦一所走读女子中学的科学类俱乐部就有医学社团、解剖俱乐部、生物俱乐部、化学俱乐部、物理俱乐部、7年级专享的科学俱乐部、迷宫俱乐部、特殊竞赛俱乐部、经济社团、计算机俱乐部、地理社团等等。每个学校的音乐和体育的俱乐部都能多达10到30个。 学校费尽心思设立这么多林林总总的科目和俱乐部目的在于提供一个最多的选择，这里面总有学生们可以尝试并喜欢从而坚持下来的。 一旦做出任何成绩，在学校就会得到极大的肯定。 因为英国科学家相信：“缺乏信心可能会成为一种自证预言”，如果觉得自己做不好，最后的结果也许就会证实这一点。大人如此，孩子们在成长期的学习更是如此。 有选择的教育才是真正的教育 所以，英国教育界一直强调一个观念：有选择的教育才是真正的教育。因为选择可以让孩子们找到自己的所长，从而激发出自信和内在的动力。 四年级开学不到半个月，我认识的一位妈妈陈，她7岁的儿子回来报喜：“我被老师推荐上Golden Book演奏黑管了。”才学了半个学期呢，陈很惊喜。 “因为我是全学校吹得第二好的，第一好的那个已经考过一级了。”“还有，我游泳也很好，在最好的第三组。一共5组。” “我才学了不到一年，我觉得自己挺好的。明天有戏剧课，月底还要考级呢，我肯定可以过一级，老师说的。好多同学还背不下来台词呢。” 游泳、黑管、戏剧都是考入现在的私立小学后学校提供的。在陈看来小儿子的那种“迷”之自信，正是典型的私立教育文化框架下的产物。 也因此，承接英式教育文化的私立学校一直在寻找各种各样有个性有特点的孩子。 周轶君在《他乡的童年》采访现任的威斯敏斯特公学时，问到学校的入学标准，校长派特里克回答: “我在寻找对这个世界好奇的孩子。” 同样的问题，所有其他学校校长和招生总监们会有各种各样的花式回答： “对这个社会有责任感的孩子”， “有个性的学生”， “能最大限度地得益于我们教育的孩子”， “喜欢艺术和有创造力的”， “渴望学习知识的”； 所有的学校都会强调，他们希望保持校园的多元化和学生个性的发展。 如果同意英国的私立学校是精英教育的观念，那是因为在这里有很多解放性的学习，考试不是目的，将来进某个学校也不是目的，学某种专业更不是目的。 或者说，这些都只是小目标。真正的目的，是培养孩子们对知识的好奇心，塑造他们的思考模型和方法，鼓励他们去思考未来想成就哪些事，要做什么样的人。 当招生官厌倦了千篇一律的聪明面孔， 我们能为孩子准备什么？ 先讲两个学生的例子。 小威在参加英国某著名男校13+的考试之前，跟着两个英国著名大学毕业的私人教师网络学习数学和英语长达一年的时间，后来他的入学考试成绩很出色，正式拿到了入学资格。 但上学的5年里，他并没有交到一些朋友。课后，他并没有参加各种各样学校提供的俱乐部： 有些是因为他认为自己不擅长，比如橄榄球、攀岩和马球，有些是他没有兴趣，比如戏剧和演讲俱乐部。 有些他又觉得浪费时间，比如烹饪和摄影，也因此，他用了很多的时间在微信上跟以前国内的同学聊天，看网上的中国电视剧。 与小威相反的是小夏，她从中国南方的一座小镇加入英国曼彻斯特的一所女子寄宿中学的初中已经两年了，至今还在学校里上针对母语非英语的学术课程（EAL），但她参加了所有她认为有兴趣的课后俱乐部，有时忙得连周末跟家里通视频电话的时间都没有。 她妈妈说，偶尔抓住闺女留言聊天，对方总是发来一个大大的笑脸，语速极快地说一下又要去做什么活动了，或者跟哪个朋友去做什么了，问起学校，她也会轻快地说，没有大问题，不用担心。 小夏妈妈说，我觉得什么叛逆青春期在她身上一点都看不到，反而比小学的她还要开朗。 除了小威和小夏个性的不同，在进入英国寄宿学校后最大的不同，其实是他们对学校的参与程度。越多的参与，才会越深的体会到每所学校的特点，也会生活得更自如。 而另一方面，即使是在伦敦的学术性走读学校，校长和招生官也厌倦了千篇一律的“聪明面孔”—— 数学出色、4岁学钢琴/小提琴兼有英皇考级证书、会写看起来高大上的文书和面试时回答给出虚高答案、喜欢游泳/足球，这些标配后面其实更像流水线产品。 每个学校都不需要60个钢琴8级的初中生，就像学校的大乐团一样，2级的架子鼓手、1级的竖琴、3级的圆号、4级的大提琴，甚至管风琴和竖笛都会有一席之地，这些乐器学习的后面，隐藏的是孩子的个性和他们真正的爱好。 一千个观众有一千个哈姆雷特，那么2千多所英国私立学校也会有数十种不同特点的孩子。 这也是为什么英国的私校都会有面试的程序，因为他们在努力寻找试卷成绩之外那个真正的孩子，孩子真正的个性，这样才能初步判断这些孩子能不能适应各个不同特点的学校。 与其关心英国顶尖私校在寻找什么样的中国孩子，不如反向思考，我们要为孩子准备什么？或者说，送入英国私立的中小学就是对孩子教育的终极目标吗？当初，选择英式教育的初心是什么？ 客观地说，如果纯以成绩论，在国内的公立教育体系里，学习的基础更扎实，也有可能养成更好的学习习惯。 很多父母选择了到英国学习的“不归路”。也许家长们看重的是英式学校的学术成就更全面多元，或者看重“全面发展”、个性化的培养。 但毕竟，孩子们来英国是来生活兼学习的，每周5天7小时的课业之外，课外活动也是生活的一部分。 而这些，往往在成绩和入学考试时，一次又一次地被忽略了。 如何享受寄宿学校的生活，并最大限度地得益于英式教育，还需要像英国的孩子们一样去思考、去沟通，甚至去争取和质询。 注：搜狐教育“格致”计划，发掘推广教育行业优质深度内容，给读者提供更具前瞻性的文章阅读。欢迎关注微信搜狐教育（ID：sohujiaoyu）投稿，您的文章将会获得搜狐网和搜狐教育网页端、手机端推荐。返回搜狐，查看更多 责任编辑：', '9f299e04f92eef4158a3fdd1c158c65b.jpg', '5', '19', '156', '0', '0', '1', '0', '2020-01-11 14:39:30', '2020-01-11 14:39:30', '原标题：为什么说小学阶段培养兴趣，中学拼创造力？ 本文由搜狐教育“格致计划”top榜收录，来源： 少年商学院，作者：李爽，定居英国伦敦的华人博士妈妈，少年商学院国际教育专栏作者 早在一年半以前，英国上议院的议员卢卡斯勋爵就谈起过一种现象： 这些年来，我们发现一些优秀的中国学生去了并不合适他们发展的私', '0', null, null, null);
INSERT INTO `cms_article` VALUES ('227', '人民币兑美元中间价报6.9450 上调240个基点', '原标题：人民币兑美元中间价报6.9450 上调240个基点 金融界网站1月8日讯 今日人民币兑美元中间价报6.9450元，较上一交易日（1月7日）的6.9690元上调240个基点。 中国人民 银行授权中国外汇交易中心公布，2020年1月8日银行间外汇市场人民币汇率中间价为： 1美元对人民币6.9450元，1欧元对人民币7.7468元，100日元对人民币6.4271元， 1港元对人民币0.89336元，1英镑对人民币9.1091元，1澳大利亚元对人民币4.7634元， 1新西兰元对人民币4.6059元，1新加坡元对人民币5.1408元，1瑞士法郎对人民币7.1705元， 1加拿大元对人民币5.3413元，人民币1元对0.58983马来西亚林吉特，人民币1元对8.9311俄罗斯卢布， 人民币1元对2.0614南非兰特，人民币1元对168.38韩元，人民币1元对0.52890阿联酋迪拉姆， 人民币1元对0.54016沙特里亚尔，人民币1元对42.8196匈牙利福林，人民币1元对0.54803波兰兹罗提， 人民币1元对0.9647丹麦克朗，人民币1元对1.3616瑞典克朗，人民币1元对1.2757挪威克朗， 人民币1元对0.86007土耳其里拉，人民币1元对2.7250墨西哥比索，人民币1元对4.3607泰铢。 来源:金融界网站返回搜狐，查看更多 责任编辑：', '9f299e04f92eef4158a3fdd1c158c65b.jpg', '5', '19', '156', '0', '0', '1', '0', '2020-01-11 14:39:31', '2020-01-11 14:39:31', '原标题：人民币兑美元中间价报6.9450 上调240个基点 金融界网站1月8日讯 今日人民币兑美元中间价报6.9450元，较上一交易日（1月7日）的6.9690元上调240个基点。 中国人民 银行授权中国外汇交易中心公布，2020年1月8日银行间外汇市场人民币汇率中间价为： 1美元对人民币6.945', '0', null, null, null);
INSERT INTO `cms_article` VALUES ('233', '俺庄刮起乘机旅游风', '原标题：俺庄刮起乘机旅游风 □刘国佼 俺庄刮起乘机旅游风（诗八首） ㈠、七绝 俺庄刮起乘机旅游风 诗文/儒子叟 司乘小姐笑盈盈，配送空餐味道中。 常坐飞机常过瘾，俺庄刮起旅行风。 己亥年冬月 ㈡、七绝 北方空中看雪景 诗文/儒子叟 气候调皮又跑偏，北方千载总飞棉。 今冬多场连绵雨，看雪升空赏壮观。 己亥年冬月 ㈢、七绝 银鹰绘画篮框镶 诗文/儒子叟 目不暇接旖旎窗，万千思绪信由缰。 银鹰挥洒如椽笔，画满盐田蓝框镶。 己亥年冬月 ㈣、七绝 雪拽猪尾享鼠年 诗文/儒子叟 冬至潇潇飘阵雨，近年才见玉尘翩。 来迟羞赧蹁跹舞，拽尾神猪享鼠年。 己亥年冬月 ㈤、七绝 雪姑娘匆忙来世间 诗文/儒子叟 冬至严冬稍显寒，北方方冷雪姑翩。 天宫纨绔谁缠你？紧赶急飞降世间。 己亥年冬月 ㈥、七绝 迟雪覆被旺翌年 诗文/儒子叟 冬老严寒盼雪天，姗姗迟到舞蹁跹。 急忙絮被城乡覆，滋润青苗旺翌年。 己亥年冬月 ㈦、七律 老叟旅游有感 诗文/儒子叟 打点心情理背囊，云游世界找诗章。 谈何利禄成功事，管啥浮沉攻略方。 旖旎高山成画美，匍匐矮树溢花香。 白驹过隙如梭日，皓首霜须福寿长。 己亥年冬月 ㈧、七律 神奇贡品莱阳梨 诗文/儒子叟 春日胶东花瓣雪，莱阳沙土孕金梨。 果形美美消肝热，口感甜甜补肺虚。 核小糖高称贡品，皮糙肉厚是珍稀。 五十万亩园林大，举世知名特产奇。 己亥年九月 作者简介：刘国佼（儒子叟），山东莱阳人，1956年生人，1976年2月入伍，1978年4月退役，1979年参加高考。大学本科文化，中学高级教师。返回搜狐，查看更多 责任编辑：', '9f299e04f92eef4158a3fdd1c158c65b.jpg', '5', '20', '156', '0', '0', '1', '0', '2020-01-11 14:39:31', '2020-01-11 14:39:31', '原标题：俺庄刮起乘机旅游风 □刘国佼 俺庄刮起乘机旅游风（诗八首） ㈠、七绝 俺庄刮起乘机旅游风 诗文/儒子叟 司乘小姐笑盈盈，配送空餐味道中。 常坐飞机常过瘾，俺庄刮起旅行风。 己亥年冬月 ㈡、七绝 北方空中看雪景 诗文/儒子叟 气候调皮又跑偏，北方千载总飞棉。 今冬多场连绵雨，看雪升空赏壮观。', '0', null, null, null);
INSERT INTO `cms_article` VALUES ('237', '别想了，陆大人不仅英年早婚，连儿子都有了！', '原标题：别想了，陆大人不仅英年早婚，连儿子都有了！ #一点也不羡慕任嘉伦老婆# 听说你们房子塌了，那扒一姐就让它塌的更彻底一点吧 你们的任嘉伦不仅结婚了，连孩子都有了！ 哈哈哈哈哈哈哈 任嘉伦再次走进大家的视野，是因为最近正在热播的《锦衣之下》。 在其中，他饰演的是一位性情狠辣的锦衣卫陆绎。 办起案来，雷厉风行，手段也很残忍。 但是和女主，也就是谭松韵扮演的袁今夏在一起的时候，又是个高冷的人，虽然表面上不待见袁今夏。 却在下雨天，却偷偷的把伞倾到今夏那一边，还美其名曰：“小猫太脆弱了，我怕它着凉。” 就是这样的反差萌，吸引了一众粉丝的喜欢。 就这种高冷总裁和活泼小女孩的搭配，简直太戳少女心了！ 但这并不是任嘉伦真正意义上的出圈，让他真正在娱乐圈拥有姓名的也是一部古装剧，是在2016年跨2017年的春节档上线的《大唐荣耀》。 那段时间简直人人都自称广平王妃。 也是在这一时期，《大唐荣耀》还未播完，任嘉伦的话题度和热度还在持续上涨的时候。 他在微博上公开了自己的女朋友，并坦诚承认已经交往5年的时间，女朋友的名字叫聂欢。 一位事业刚刚起步，而且拥有众多女友粉的男演员，突然公开自己的女朋友，肯定是会引起轩然大波的。 粉丝大概可以分为两派吧。 一种是理智粉，觉得他很有勇气，有责任有担当。 还有一种“爱的深沉”的粉丝，直接宣布脱粉。 甚至在网上人肉这位“聂欢”，编了各种各样的黑料来攻击他的女朋友。 任嘉伦直接在公布恋情的评论里替自己的女朋友说话。 敢于在人气最高的时候公布恋情，的确是很有勇气，但不可否认的是任嘉伦的事业也受到了不少打击。 《大唐荣耀》之后，任嘉伦几乎没有什么让人有记忆点的作品出现。 本来今年上映的《天乩之白蛇传说》有望掀起不小水花，毕竟有杨紫这枚锦鲤作为女主角出演。 但是却在七月播出后没多久就惨遭下架，直到5个月后才重新上架，再次上架后的口碑和流量已经不及之前。 好在在年末的时候，趁着《庆余年》的结束，《鹤唳华亭》、《大明风华》的口碑也没有大爆。 《锦衣之下》这部古装小清新偶像剧，突破重围，成为年末最后一部比较火爆的剧，任嘉伦也成功收服了一众少女的心。 最近几年，也不知道是粉丝的宽容度提高了，还是别的原因，像任嘉伦这样直接选择在事业上升期，公布自己的恋情或者妻子或者是孩子的也不在少数。 并且粉丝的接受度还蛮高的，甚至用一种调侃的态度说这些明星都是“英年早婚。” 像是因为《脱口秀大会》爆火的庞博。 周峻纬因为帅气的长相和优质的学历，一出道就让很多粉丝喜欢。 如果没记错的话，扒一姐第一次认识周峻纬是在《奇葩大会》上讲述自己的研究课题是“男生也应该被关爱”，然后也是在这档节目上承认自己已婚。 还有跳高冠军王宇 声入人心王晰 而在过去，像这种“偶像”在大火时期公布结婚是想都不敢想的。 娱乐圈“隐婚”有两大鼻祖。 一个是四大天王之一的刘德华，隐婚24年。 在港台流行文化盛行的年代，以刘德华为首的“四大天王”开始风靡整个中国，那时候的刘德华是许多少女心中的偶像。 即便到现在已经出道30多年，还是有很多人会说上一句我的偶像是刘德华，人们一直以为他未婚，直到2009 年，他才被人发现已经结婚多年，并有一个可爱的女儿。 另一位就是曾经的飞轮海成员吴尊，隐婚4年 飞轮海这个组合是2005年出道，那时候的台湾很风靡这种偶像组合。 像杨丞琳、陈乔恩、明道都是组合出身，但基本上这些组合的热度都比较低。 飞轮海在其中相对来说，是发展的比较好的，同时4个男生的优秀的外形条件，也吸引了很多女孩子的喜欢。 吴尊因为拍摄很多偶像剧在组合里的人气很高，可能是害怕伤害了粉丝的心，也许是不行让家人被狗仔打扰，他一直都没有公开自己结婚的秘密。 直到2013年，在自己的新书《决定勇敢》的发布会上，他首次承认已婚的事实，并且承认已经成为父亲，即将拥有第二胎。 这件事的后续就是人们翻出吴尊在《快乐大本营》游戏环节说的“我谈恋爱谈了10年没分手”的话，观众才恍然大悟，原来这句话吴尊是在给老婆表白的。 后来吴尊带着女儿neinei 参加综艺节目，正式曝光了自己的“女儿控”属性。 说到这里，扒一姐思考一个问题就是明星到底有没有必要公开自己的婚姻生活呢？ 一方面作为公众人物来说要对自己的粉丝负责，就像之前刚刚曝光恋情的金希澈曾经说过，要把粉丝放在第一位。 另一方面呢又需要对自己的家人负责。 吴尊在公开结婚之后参加采访时曾经坦言，在“隐婚”期间，大人还好，但是孩子在外面只能喊自己叔叔，有一次孩子一直在叫爸爸，旁边有服务员，吴尊就嘘，但吴尊也说那种感觉其实很不好。 但是公开的同时就意味着会把家人的隐私也公布在大众面前，这也是很多明星选择隐瞒的原因。 但其实隐婚与否的关键在于公众人物及其家人如何选择。 不管选择的结果是什么，作为旁观者的观众都没有指责的权利，选择尊重就好。 哎，算了算了，与其担心英年早婚的他们，还不如先关心关心30岁了还是单身狗的自己呢！返回搜狐，查看更多 责任编辑：', '9f299e04f92eef4158a3fdd1c158c65b.jpg', '9', '30', '156', '0', '0', '1', '0', '2020-01-11 14:39:31', '2020-01-11 14:39:31', '原标题：别想了，陆大人不仅英年早婚，连儿子都有了！ #一点也不羡慕任嘉伦老婆# 听说你们房子塌了，那扒一姐就让它塌的更彻底一点吧 你们的任嘉伦不仅结婚了，连孩子都有了！ 哈哈哈哈哈哈哈 任嘉伦再次走进大家的视野，是因为最近正在热播的《锦衣之下》。 在其中，他饰演的是一位性情狠辣的锦衣卫陆绎。 办起案', '0', null, null, null);
INSERT INTO `cms_article` VALUES ('242', '南海撞机过了19年，10万军民为何没找到王伟，如今已补足最大短板', '原标题：南海撞机过了19年，10万军民为何没找到王伟，如今已补足最大短板 图为王伟 近日，据媒体报道，今年距离南部海域撞机事件过去已经19年了，而当年为了寻找王伟，中国出动了10万军民在海上搜索了半个月，却依然没有找到任何蛛丝马迹，那么19年前为何10万军民也没有找到王伟呢，如今才明白真正的原因，原来这是因为中国当时的搜救体系太弱后了，而如今中国已经补足了这个最大短板，不会再出现王伟那样的悲剧了。 图为海上救援 一般而言，如果飞机出事坠毁，飞行员往往会在第一时间发出求救信号，并且会及时跳伞逃生，而在飞行员随身携带的物品中，也会有无线电装置与全球定位装置，但当时这两样东西都没有发挥出作用，这也说明当时在这些领域，海军还存在明显的不足。 图为海上救援 如今中国北斗系统已经建成了，借助这款系统，即使是普通人携带一个手机都能够实现精确定位，那么实现战机定位更不是什么难事了，如今只要飞行员携带G北斗系统的终端，那么一旦出事借助北斗系统也能够第一时间得知飞行员所在位置，从而对飞行员进行救助。 光有这些还不够，因为救援也讲究分秒必争，尤其是飞行员落到海上，时刻都有生命危险，在这样的背景下，不但需要尽快发现飞行员的位置，同时也需要能够以最快速度前往飞行员失事海域，从而将落水飞行员救上来，而这一步最快捷的方式无疑就是使用救援直升机了，此前中国一直缺乏这种装备，如今随着直20的成功，这一块短板如今也已经不在了。 图为直20直升机 作为中国研制的通用直升机，直20借鉴了美国黑鹰直升机的成熟设计，而且这款直升机能够非常轻松的被搭载在军舰上，作为一架舰载直升机来使用，除了负责救援落水飞行员外，在反潜侦察与兵力投送上都能够发挥出积极作用，可以说这款直升机的出现对中国意义重大。 如今随着中国空军与海军的转型，空军开始往远程空军发展，而海军也着手建设远洋海军，这也就增加了中国飞行员出海作战的机会，看来提升海上救援能力也是势在必行的，因为掌握这种能力也能够有效解决飞行员的后顾之忧，从而减少飞行员的损失，毕竟培养一名飞行员的成本也是非常高昂的。返回搜狐，查看更多 责任编辑：', '9f299e04f92eef4158a3fdd1c158c65b.jpg', '3', '11', '156', '0', '0', '1', '0', '2020-01-11 14:39:31', '2020-01-11 14:39:31', '原标题：南海撞机过了19年，10万军民为何没找到王伟，如今已补足最大短板 图为王伟 近日，据媒体报道，今年距离南部海域撞机事件过去已经19年了，而当年为了寻找王伟，中国出动了10万军民在海上搜索了半个月，却依然没有找到任何蛛丝马迹，那么19年前为何10万军民也没有找到王伟呢，如今才明白真正的原因，原', '0', null, null, null);
INSERT INTO `cms_article` VALUES ('251', '2月14日考', '2月14日考2月14日考2月14日考2月14日考2月14日考2月14日考2月14日考2月14日考', 'f6c918cd-0cb5-440e-baac-8521e8fc1d00.jpg', '2', '4', '171', '0', '0', '1', '0', '2020-02-14 14:17:29', '2020-02-14 14:17:29', null, '0', null, null, null);
INSERT INTO `cms_article` VALUES ('252', '2月14日考', '2月14日考2月14日考2月14日考2月14日考2月14日考2月14日考2月14日考2月14日考', 'f6c918cd-0cb5-440e-baac-8521e8fc1d00.jpg', '2', '4', '171', '0', '0', '0', '0', '2020-02-14 14:17:29', '2020-02-14 14:17:29', null, '0', null, null, null);
INSERT INTO `cms_article` VALUES ('253', '今天的日考2月14日', '今天下雪了，又考试了，nice', 'b6194426-6590-4ea1-aee4-8eebd605a701.jpg', '2', '5', '171', '0', '0', '1', '0', '2020-02-14 16:46:20', '2020-02-14 16:46:20', null, '0', null, null, null);
INSERT INTO `cms_article` VALUES ('254', '今天的日考2月14日', '今天下雪了，又考试了，nice', 'b6194426-6590-4ea1-aee4-8eebd605a701.jpg', '2', '5', '171', '0', '0', '0', '0', '2020-02-14 16:46:20', '2020-02-14 16:46:20', null, '0', null, null, null);
INSERT INTO `cms_article` VALUES ('255', '2月14号 曲修佟日考', '今天的作业，今天2月14，情人节虐狗', '58cf8b97-4831-49ab-ab2d-1fb24bf89282.png', '1', '1', '171', '0', '0', '1', '1', '2020-02-14 16:53:20', '2020-02-14 16:53:20', null, '0', null, null, null);
INSERT INTO `cms_article` VALUES ('256', '2月14号 曲修佟日考', '今天的作业，今天2月14，情人节虐狗', '58cf8b97-4831-49ab-ab2d-1fb24bf89282.png', '1', '1', '171', '0', '0', '0', '0', '2020-02-14 16:53:20', '2020-02-14 16:53:20', null, '0', null, null, null);
INSERT INTO `cms_article` VALUES ('261', '终结者', '撒地方规划金喉健', '95b97b6a-3e75-49d2-87de-30050de68c58.jpg', '5', '20', '156', '0', '0', '0', '0', '2020-02-14 16:59:32', '2020-02-14 16:59:32', null, '0', null, null, null);
INSERT INTO `cms_article` VALUES ('262', '终结者', '撒地方规划金喉健', '2587a7b4-2047-4bca-9708-9b9d0d78d036.jpg', '5', '20', '156', '0', '0', '1', '0', '2020-02-14 17:00:29', '2020-02-14 17:00:29', null, '0', null, null, null);
INSERT INTO `cms_article` VALUES ('263', '终结者', '撒地方规划金喉健', '95b97b6a-3e75-49d2-87de-30050de68c58.jpg', '5', '20', '156', '0', '0', '0', '0', '2020-02-14 16:59:32', '2020-02-14 16:59:32', null, '0', null, null, null);
INSERT INTO `cms_article` VALUES ('264', '终结者', '撒地方规划金喉健', '2587a7b4-2047-4bca-9708-9b9d0d78d036.jpg', '5', '20', '156', '0', '0', '0', '0', '2020-02-14 17:00:29', '2020-02-14 17:00:29', null, '0', null, null, null);
INSERT INTO `cms_article` VALUES ('266', '王者荣耀为挽回玩家也是拼了', '<p style=\"color:#333333;font-family:arial;font-size:16px;text-align:justify;\">\n	<span class=\"bjh-p\"><span class=\"bjh-a\">#2020只能在家玩游戏的情人节#</span><span class=\"bjh-br\"></span></span>\n</p>\n<p style=\"color:#333333;font-family:arial;font-size:16px;text-align:justify;\">\n	<span class=\"bjh-p\">大家有没有发现一个很奇怪的现象，当你打开王者查看好友列表时，会发现不少好友都已经打上了王者分段。</span>\n</p>\n<div class=\"img-container\" style=\"font-family:arial;\">\n	<img class=\"large\" src=\"https://pics4.baidu.com/feed/2e2eb9389b504fc263d2907c6385d31791ef6d9c.jpeg?token=3a44b27acf9be8eca7172f7ca8394a81&amp;s=F30524E02046AF47503D81930300F0D9\" style=\"width:767px;\" />\n</div>\n<p style=\"color:#333333;font-family:arial;font-size:16px;text-align:justify;\">\n	<span class=\"bjh-p\">其中不少好友仅仅停留在1星，哪怕你再过一周两周看他们的分段，仍然是保持着1星。</span>\n</p>\n<p style=\"color:#333333;font-family:arial;font-size:16px;text-align:justify;\">\n	<span class=\"bjh-p\">这就让人产生了疑问，到了1星就够了吗？是害怕再打掉分吗？<span class=\"bjh-br\"></span></span>\n</p>\n<p style=\"color:#333333;font-family:arial;font-size:16px;text-align:justify;\">\n	<span class=\"bjh-p\">这个现象的出现，并不是偶然。</span>\n</p>\n<div class=\"img-container\" style=\"font-family:arial;\">\n	<img class=\"large\" src=\"https://pics6.baidu.com/feed/279759ee3d6d55fbc0b84bc1ea7a7b4c21a4ddbd.jpeg?token=ce8a7d7a0f55aef6049d7c35b6befbe6&amp;s=BA85A14C567287D4064C54910300D088\" style=\"width:767px;\" />\n</div>\n<p style=\"color:#333333;font-family:arial;font-size:16px;text-align:justify;\">\n	<span class=\"bjh-p\">王者荣耀经历过几年的发展，赛季更新已经到了第18个。</span>\n</p>\n<p style=\"color:#333333;font-family:arial;font-size:16px;text-align:justify;\">\n	<span class=\"bjh-p\">很长一段时间，王者分段是实力的象征，是无数玩家的奋斗的目标，当时的王者，可谓是百里挑一，躺着列表里的王者们都是大腿。</span>\n</p>\n<div class=\"img-container\" style=\"font-family:arial;\">\n	<img class=\"large\" src=\"https://pics6.baidu.com/feed/a1ec08fa513d2697414f62aad2a386fd4216d803.jpeg?token=8e632d0a11bdf33209098fda4f8eb8a4&amp;s=E8C8618448934CC6579018900300F096\" style=\"width:767px;\" />\n</div>\n<p style=\"color:#333333;font-family:arial;font-size:16px;text-align:justify;\">\n	<span class=\"bjh-p\">当时，甚至还有不少玩家在吹无可吹的时候，会比拼彼此列表中谁的王者好友更多。</span>\n</p>\n<p style=\"color:#333333;font-family:arial;font-size:16px;text-align:justify;\">\n	<span class=\"bjh-p\">“看，我这8个王者，都是我的好兄弟”</span>\n</p>\n<p style=\"color:#333333;font-family:arial;font-size:16px;text-align:justify;\">\n	<span class=\"bjh-p\">“切！我加了公会里30多个王者，周末还带上分”</span>\n</p>\n<p style=\"color:#333333;font-family:arial;font-size:16px;text-align:justify;\">\n	<span class=\"bjh-p\">……</span>\n</p>\n<p style=\"color:#333333;font-family:arial;font-size:16px;text-align:justify;\">\n	<span class=\"bjh-p\">诸如此类的比拼之下，王者分段代表的是荣耀，是装逼的资本。</span>\n</p>\n<div class=\"img-container\" style=\"font-family:arial;\">\n	<img class=\"large\" src=\"https://pics3.baidu.com/feed/b21bb051f8198618841b45d9cdb51a758ad4e6ea.jpeg?token=c73deb199713add9a277778140e5a591&amp;s=BA1DA14C215331CC1FEC569A0300709E\" style=\"width:767px;\" />\n</div>\n<p style=\"color:#333333;font-family:arial;font-size:16px;text-align:justify;\">\n	<span class=\"bjh-p\">可是在游戏的发展下，历史的滚轮无情地撵了过去。</span>\n</p>\n<p style=\"color:#333333;font-family:arial;font-size:16px;text-align:justify;\">\n	<span class=\"bjh-p\">玩家们对游戏的内容，对英雄的理解更加深入，导致王者的面纱被掀开，更多的玩家冲向王者。</span>\n</p>\n<div class=\"img-container\" style=\"font-family:arial;\">\n	<img class=\"large\" src=\"https://pics2.baidu.com/feed/b999a9014c086e06a8ffa4538a504ff20ad1cb36.jpeg?token=4f02188f7b11d986aa49e4230a630d13&amp;s=1841A94C0B60AC4F507634900300809A\" style=\"width:767px;\" />\n</div>\n<p style=\"color:#333333;font-family:arial;font-size:16px;text-align:justify;\">\n	<span class=\"bjh-p\">加上策划的对游戏作出一些改动，王者分段的实力含量大幅降低。</span>\n</p>\n<p style=\"color:#333333;font-family:arial;font-size:16px;text-align:justify;\">\n	<span class=\"bjh-p\">“有肝就行”，不少玩家如是说。</span>\n</p>\n<p style=\"color:#333333;font-family:arial;font-size:16px;text-align:justify;\">\n	<span class=\"bjh-p\">游戏场数打上去了，系统会根据情况给予一些勇士积分，甚至段位保护卡，让玩家在初至某分段时，不容易因为失误或者遇到奇葩队友分段快速下降。</span>\n</p>\n<div class=\"img-container\" style=\"font-family:arial;\">\n	<img class=\"large\" src=\"https://pics4.baidu.com/feed/d52a2834349b033b9de11dba929602d5d439bdc0.jpeg?token=44d088010ec75c44c0ce8bb3b331d95f&amp;s=B20DB144727283DC48FF4E960300808A\" style=\"width:767px;\" />\n</div>\n<p style=\"color:#333333;font-family:arial;font-size:16px;text-align:justify;\">\n	<span class=\"bjh-p\">也就因为这类举措的出现，分段慢慢开始不值钱了，只要水平不是特别差，有一颗健康的肝，很容易就能上王者。</span>\n</p>\n<p style=\"color:#333333;font-family:arial;font-size:16px;text-align:justify;\">\n	<span class=\"bjh-p\">王者不再是荣耀，变成了一个入口。</span>\n</p>\n<p style=\"color:#333333;font-family:arial;font-size:16px;text-align:justify;\">\n	<span class=\"bjh-p\">就像wow中流传的一句话，主线任务，升级都是配菜，当你到达70级，游戏才真正的开始。</span>\n</p>\n<div class=\"img-container\" style=\"font-family:arial;\">\n	<img width=\"535\" class=\"normal\" src=\"https://pics3.baidu.com/feed/5fdf8db1cb13495425b5640ad116a65ed0094a97.jpeg?token=66ec6bd54a67e945281440eacc044630&amp;s=BA1B4084081320D644C6BC9203007088\" />\n</div>\n<p style=\"color:#333333;font-family:arial;font-size:16px;text-align:justify;\">\n	<span class=\"bjh-p\">这句话放到王者荣耀中，可以这么说，当你到了王者段位，竞技才开始。</span>\n</p>\n<p style=\"color:#333333;font-family:arial;font-size:16px;text-align:justify;\">\n	<span class=\"bjh-p\">但王者荣耀是一个5v5的游戏，不是说一个人强，就能带动4个坑。</span>\n</p>\n<p style=\"color:#333333;font-family:arial;font-size:16px;text-align:justify;\">\n	<span class=\"bjh-p\">哪怕是荣耀王者在低分段中也会出现马失前脚的情况。</span>\n</p>\n<div class=\"img-container\" style=\"font-family:arial;\">\n	<img class=\"large\" src=\"https://pics0.baidu.com/feed/77094b36acaf2edd03ae6228084835ef38019376.jpeg?token=68ff5b013c97fca5d064ab0f1458e4da&amp;s=3205F1480035ABD450E7A59B0300E0D9\" style=\"width:767px;\" />\n</div>\n<p style=\"color:#333333;font-family:arial;font-size:16px;text-align:justify;\">\n	<span class=\"bjh-p\">甚至有玩家认为，星耀钻石的水深不见底，哪怕是高手也要开黑，才能一定程度规避坑队友带来的超差游戏体验。</span>\n</p>\n<p style=\"color:#333333;font-family:arial;font-size:16px;text-align:justify;\">\n	<span class=\"bjh-p\">但是吧，对于普通玩家来讲，王者分段的初段（0-20星），这个分段什么神仙都有。</span>\n</p>\n<p style=\"color:#333333;font-family:arial;font-size:16px;text-align:justify;\">\n	<span class=\"bjh-p\">有靠爹带上来的坑，也有代打上来的坑，他们的实力严重影响了对局的水平。导致打一场排位带来的疲惫感更重。</span>\n</p>\n<div class=\"img-container\" style=\"font-family:arial;\">\n	<img width=\"450\" class=\"normal\" src=\"https://pic.rmb.bdstatic.com/2a28ab13a4ed434a617d03c88a0efa0e3902.gif\" />\n</div>\n<p style=\"color:#333333;font-family:arial;font-size:16px;text-align:justify;\">\n	<span class=\"bjh-p\">“我这么拼命为了什么啊？带猪队友上分？他们配吗？”</span>\n</p>\n<p style=\"color:#333333;font-family:arial;font-size:16px;text-align:justify;\">\n	<span class=\"bjh-p\">不少实力还能再进一步的玩家，在被奇葩队友祸害游戏体验以后，很容易会发出这类感慨，然后转头打匹配或者小号，主玩娱乐局。</span>\n</p>\n<div class=\"img-container\" style=\"font-family:arial;\">\n	<img class=\"large\" src=\"https://pics3.baidu.com/feed/d50735fae6cd7b898ff3168b897c76a1d8330efc.jpeg?token=2dde61add799baef62722a43fe32f9c1&amp;s=6B8EE10B5ED647EB0361214A0100A0B2\" style=\"width:767px;\" />\n</div>\n<p style=\"color:#333333;font-family:arial;font-size:16px;text-align:justify;\">\n	<span class=\"bjh-p\">更多的玩家，已经不再把王者分段当作一件很重要的事情。</span>\n</p>\n<p style=\"color:#333333;font-family:arial;font-size:16px;text-align:justify;\">\n	<span class=\"bjh-p\">他们把每个赛季的王者印记当作一个纪念品，不去卓越，有就行了。</span>\n</p>\n<p style=\"color:#333333;font-family:arial;font-size:16px;text-align:justify;\">\n	<span class=\"bjh-p\">确实，普通玩家不是主播，不依靠这款游戏挣收入，王者以上的荣耀，除了是个“荣耀”之外，用处并不大。</span>\n</p>\n<div class=\"img-container\" style=\"font-family:arial;\">\n	<img width=\"516\" class=\"normal\" src=\"https://pics4.baidu.com/feed/5882b2b7d0a20cf45412981ef3517f30aeaf99cb.jpeg?token=25e0b6045186c407324beee59a9f71a0&amp;s=49B526D50007E1530A293CB4030090C0\" />\n</div>\n<p style=\"color:#333333;font-family:arial;font-size:16px;text-align:justify;\">\n	<span class=\"bjh-p\">可以这么说，为了冲荣耀花费时间，大多数玩家都乐此不疲。</span>\n</p>\n<p style=\"color:#333333;font-family:arial;font-size:16px;text-align:justify;\">\n	<span class=\"bjh-p\">真正让人疲惫的是，冲分路上的奇葩队友。实力与段位不符，菜还脾气大。</span>\n</p>\n<p style=\"color:#333333;font-family:arial;font-size:16px;text-align:justify;\">\n	<span class=\"bjh-p\">手机前的你，现在什么分段了？如果是你，你会愿意到达王者段位后继续冲分吗？</span>\n</p>\n<div class=\"img-container\" style=\"font-family:arial;\">\n	<img class=\"large\" src=\"https://pics1.baidu.com/feed/4b90f603738da977604746b53509cc1f8718e3a7.jpeg?token=7d7db255322149d70aa8cb0b64d0fbed&amp;s=3B843C628AD077E95DED15CF0000E0E0\" style=\"width:767px;\" />\n</div>', 'a435e8e7-55a2-4dd9-b9b7-148bd6e40f97.jpg', '8', '32', '171', '0', '0', '0', '0', '2020-02-16 13:46:50', '2020-02-16 13:46:50', null, '0', null, null, null);
INSERT INTO `cms_article` VALUES ('270', '王者荣耀在LOL选手看来是小孩子玩意?UZI称一天打上王者', '<p style=\"color:#333333;font-family:arial;font-size:16px;text-align:justify;\">\n	<span class=\"bjh-p\"><span class=\"bjh-a\">#宅家游戏大赏#</span>在端游向手游的进化过程中，总有些玩家似乎认为只有端游才是真实“实力派”，而手游其实是小孩子的玩意。</span>\n</p>\n<p style=\"color:#333333;font-family:arial;font-size:16px;text-align:justify;\">\n	<span class=\"bjh-p\">关于王者荣耀和英雄联盟这两款游戏孰高孰低的论调，最近又开始在网络泛滥起来。有部分英雄联盟玩家认为，王者荣耀是小孩子的玩意，只要英雄联盟游戏水平不错，玩起王者荣耀来也不会差到那里去。为了佐证自己所言非虚，网友还专门拿UZI做例子，称UZI一天就能在王者荣耀上零基础上王者。</span>\n</p>\n<div class=\"img-container\" style=\"font-family:arial;\">\n	<span class=\"bjh-image-caption\" style=\"color:#999999;font-size:13px;\">王者荣耀在LOL选手看来是小孩子玩意？</span>\n</div>\n<p style=\"color:#333333;font-family:arial;font-size:16px;text-align:justify;\">\n	<span class=\"bjh-p\">那么UZI是否有过王者荣耀经历呢？从某次UZI的直播情况来看，UZI确实尝试过王者荣耀这款游戏。当时因为有观众询问UZI王者荣耀的一些问题，UZI表示自己不太习惯玩手游，但自己玩得很不错。或许是因为当时有些弹幕在“激将”UZI，导致UZI说出了之后的一番话，UZI表示：自己只要静下心来，一天就可以在王者荣耀上达到王者分段。甚至在此之后，UZI还专门展示过自己的王者荣耀战绩，确实是处于王者分段。</span><span class=\"bjh-image-caption\" style=\"color:#999999;font-size:13px;\">王者荣耀在LOL选手看来是小孩子玩意？</span>\n</p>\n<p style=\"color:#333333;font-family:arial;font-size:16px;text-align:justify;\">\n	<span class=\"bjh-p\">无论是在游戏的设定上，还是在英雄的属性和技能上，王者荣耀都和英雄联盟保持着极高的相似度。虽然王者荣耀和英雄联盟并不是同一个游戏开发商，但事实上，在国内玩家的心目中，大家一直都觉得王者荣耀算得上是英雄联盟的手游版。或许也正是因为二者相似度极高，所以两款游戏经常会被两方玩家拿来进行对比。</span><span class=\"bjh-image-caption\" style=\"color:#999999;font-size:13px;\">王者荣耀在LOL选手看来是小孩子玩意？</span>\n</p>\n<p style=\"color:#333333;font-family:arial;font-size:16px;text-align:justify;\">\n	<span class=\"bjh-p\">不可否认，有英雄联盟游戏的基础，再玩王者荣耀上手起来会快一些。但一定要说在英雄联盟水准高于王者荣耀，似乎也只是一个伪命题，毕竟两款游戏在设定上存在一定出入。由于王者荣耀是手游版，所以在游戏进度和成长性上，王者荣耀有一定幅度的调整。或许也正是因为这种调整，有英雄联盟基础的玩家会觉得，王者荣耀这款游戏晋升之路会比英雄联盟快一些，导致玩家出现王者荣耀不如英雄联盟的错觉。</span><span class=\"bjh-image-caption\" style=\"color:#999999;font-size:13px;\">王者荣耀在LOL选手看来是小孩子玩意？</span>\n</p>\n<p style=\"color:#333333;font-family:arial;font-size:16px;text-align:justify;\">\n	<span class=\"bjh-h3\" style=\"color:#000000;font-size:18px;font-weight:700;\">声呐观点：</span>\n</p>\n<p style=\"color:#333333;font-family:arial;font-size:16px;text-align:justify;\">\n	<span class=\"bjh-p\">因为王者荣耀的手游基因，王者荣耀在屏幕的展现和操作性上，确实无法做到像英雄联盟那样精细。但归根结底，两款游戏的模式和玩法都是一样的，所以并不存在水准孰高孰低的情况。在英雄联盟游戏之前，类似的游戏还有真三和Dota，那两款游戏在复杂程度上也远胜英雄联盟，但最后英雄联盟在玩家数量和活跃性上，远超同类型游戏。其实一款游戏，无所谓孰高孰低，大家玩游戏的本质还是想从游戏中寻找快乐，而对于游戏本身而言，只要能满足玩家的游戏体验，就是好游戏。</span>\n</p>\n<p style=\"color:#333333;font-family:arial;font-size:16px;text-align:justify;\">\n	<span class=\"bjh-p\"><span class=\"bjh-strong\" style=\"font-size:18px;font-weight:700;\">爱游戏，喜欢电竞的朋友请点击一下关注哦！声呐将持续为大家带来电竞趣事。手打不易，多谢关照。</span></span>\n</p>', '89c6630c-4f0e-41e4-b70a-e0b64f8cd5e6.jpg', '8', '32', '171', '0', '0', '0', '0', '2020-02-16 13:51:31', '2020-02-16 13:51:31', null, '0', null, null, null);
INSERT INTO `cms_article` VALUES ('271', '王者荣耀为挽回玩家也是拼了', '王者荣耀为挽回玩家也是拼了王者荣耀为挽回玩家也是拼了王者荣耀为挽回玩家也是拼了王者荣耀为挽回玩家也是拼了王者荣耀为挽回玩家也是拼了王者荣耀为挽回玩家也是拼了王者荣耀为挽回玩家也是拼了王者荣耀为挽回玩家也是拼了王者荣耀为挽回玩家也是拼了王者荣耀为挽回玩家也是拼了王者荣耀为挽回玩家也是拼了王者荣耀为挽回玩家也是拼了王者荣耀为挽回玩家也是拼了王者荣耀为挽回玩家也是拼了王者荣耀为挽回玩家也是拼了王者荣耀为挽回玩家也是拼了王者荣耀为挽回玩家也是拼了王者荣耀为挽回玩家也是拼了王者荣耀为挽回玩家也是拼了王者荣耀为挽回玩家也是拼了王者荣耀为挽回玩家也是拼了王者荣耀为挽回玩家也是拼了王者荣耀为挽回玩家也是拼了王者荣耀为挽回玩家也是拼了王者荣耀为挽回玩家也是拼了', '60a24400-fcfa-4564-8893-b92983c2642d.jpg', '2', '6', '172', '0', '0', '0', '0', '2020-02-16 16:59:29', '2020-02-16 16:59:29', null, '0', null, null, null);
INSERT INTO `cms_article` VALUES ('272', '终结者', '终结者终结者终结者终结者终结者终结者终结者终结者终结者终结者终结者终结者终结者终结者终结者终结者终结者终结者终结者终结者终结者终结者终结者终结者终结者终结者终结者终结者终结者终结者终结者终结者终结者终结者终结者终结者终结者终结者终结者终结者终结者终结者终结者', '71aab5bf-18a4-4d55-9f14-52ec08b5ad17.jpg', '1', '1', '172', '1', '0', '1', '0', '2020-02-16 17:51:38', '2020-02-16 17:51:38', null, '0', null, null, null);
INSERT INTO `cms_article` VALUES ('273', '终结者', '终结者终结者终结者终结者终结者终结者终结者终结者终结者终结者终结者终结者终结者终结者终结者终结者终结者终结者终结者终结者终结者终结者终结者终结者终结者终结者终结者终结者终结者终结者终结者终结者终结者终结者终结者终结者终结者终结者终结者终结者终结者终结者终结者', null, '1', '1', null, null, null, null, null, null, null, null, '0', null, null, null);
INSERT INTO `cms_article` VALUES ('274', '今天的日考', '<p>\n	哈哈哈哈\n</p>\n<p>\n	好难过\n</p>', 'd3291c5d-60e1-47ba-9be0-5ba8257c9c30.jpg', '2', '5', '156', '0', '0', '1', '0', '2020-02-17 13:57:27', '2020-02-17 13:57:27', null, '0', null, null, null);
INSERT INTO `cms_article` VALUES ('275', '今天的日考', '<p>\n	哈哈哈哈\n</p>\n<p>\n	好难过\n</p>', null, '2', '5', null, null, null, null, null, null, null, null, '0', null, null, null);
INSERT INTO `cms_article` VALUES ('276', '天气之子', 'qwertyuiop[asdfghjkl;zxcvbnm,', null, '6', '21', null, null, null, null, null, null, null, null, '0', null, null, null);
INSERT INTO `cms_article` VALUES ('277', '天气之子', 'qwertyuiop[asdfghjkl;zxcvbnm,', 'e35df626-42bf-49b7-a5e3-c05462fcb3d1.jpg', '6', '21', '156', '0', '0', '1', '0', '2020-02-17 14:45:17', '2020-02-17 14:45:17', null, '0', null, null, null);
INSERT INTO `cms_article` VALUES ('278', '田七的文章', '田七的文章田七的文章田七的文章田七的文章田七的文章田七的文章田七的文章田七的文章田七的文章田七的文章田七的文章田七的文章田七的文章田七的文章田七的文章田七的文章田七的文章田七的文章田七的文章田七的文章田七的文章田七的文章田七的文章田七的文章田七的文章田七的文章田七的文章田七的文章田七的文章田七的文章田七的文章田七的文章田七的文章田七的文章田七的文章田七的文章田七的文章田七的文章田七的文章田七的文章田七的文章田七的文章田七的文章田七的文章田七的文章田七的文章田七的文章田七的文章田七的文章田七的文章田七的文章田七的文章田七的文章田七的文章田七的文章田七的文章田七的文章田七的文章田七的文章田七的文章田七的文章田七的文章田七的文章田七的文章田七的文章田七的文章田七的文章田七的文章田七的文章田七的文章田七的文章田七的文章田七的文章田七的文章田七的文章田七的文章田七的文章田七的文章田七的文章田七的文章田七的文章田七的文章田七的文章田七的文章田七的文章田七的文章田七的文章田七的文章田七的文章田七的文章田七的文章田七的文章田七的文章田七的文章田七的文章田七的文章田七的文章田七的文章田七的文章田七的文章田七的文章田七的文章田七的文章田七的文章田七的文章田七的文章田七的文章田七的文章田七的文章田七的文章田七的文章', 'cf6fd437-0ba3-4620-b1ca-6e39b90f40e3.jpg', '1', '1', '156', '0', '0', '1', '1', '2020-02-18 11:17:40', '2020-02-18 11:17:40', null, '0', null, null, null);
INSERT INTO `cms_article` VALUES ('279', '田七的文章', '田七的文章田七的文章田七的文章田七的文章田七的文章田七的文章田七的文章田七的文章田七的文章田七的文章田七的文章田七的文章田七的文章田七的文章田七的文章田七的文章田七的文章田七的文章田七的文章田七的文章田七的文章田七的文章田七的文章田七的文章田七的文章田七的文章田七的文章田七的文章田七的文章田七的文章田七的文章田七的文章田七的文章田七的文章田七的文章田七的文章田七的文章田七的文章田七的文章田七的文章田七的文章田七的文章田七的文章田七的文章田七的文章田七的文章田七的文章田七的文章田七的文章田七的文章田七的文章田七的文章田七的文章田七的文章田七的文章田七的文章田七的文章田七的文章田七的文章田七的文章田七的文章田七的文章田七的文章田七的文章田七的文章田七的文章田七的文章田七的文章田七的文章田七的文章田七的文章田七的文章田七的文章田七的文章田七的文章田七的文章田七的文章田七的文章田七的文章田七的文章田七的文章田七的文章田七的文章田七的文章田七的文章田七的文章田七的文章田七的文章田七的文章田七的文章田七的文章田七的文章田七的文章田七的文章田七的文章田七的文章田七的文章田七的文章田七的文章田七的文章田七的文章田七的文章田七的文章田七的文章田七的文章田七的文章田七的文章田七的文章田七的文章田七的文章田七的文章', null, '1', '1', null, null, null, null, null, null, null, null, '0', null, null, null);

-- ----------------------------
-- Table structure for `cms_category`
-- ----------------------------
DROP TABLE IF EXISTS `cms_category`;
CREATE TABLE `cms_category` (
  `id` int(11) NOT NULL AUTO_INCREMENT,
  `name` varchar(20) DEFAULT NULL,
  `channel_id` int(11) DEFAULT NULL,
  PRIMARY KEY (`id`),
  KEY `FK_CMS_CATE_REFERENCE_CMS_CHAN` (`channel_id`),
  CONSTRAINT `cms_category_ibfk_1` FOREIGN KEY (`channel_id`) REFERENCES `cms_channel` (`id`)
) ENGINE=InnoDB AUTO_INCREMENT=33 DEFAULT CHARSET=utf8;

-- ----------------------------
-- Records of cms_category
-- ----------------------------
INSERT INTO `cms_category` VALUES ('1', '互联网', '1');
INSERT INTO `cms_category` VALUES ('2', '软件', '1');
INSERT INTO `cms_category` VALUES ('3', '智能家居', '1');
INSERT INTO `cms_category` VALUES ('4', '虚拟货币', '2');
INSERT INTO `cms_category` VALUES ('5', '股票', '2');
INSERT INTO `cms_category` VALUES ('6', '外汇', '2');
INSERT INTO `cms_category` VALUES ('7', '黄金', '2');
INSERT INTO `cms_category` VALUES ('8', '宏观经济', '2');
INSERT INTO `cms_category` VALUES ('9', '美国', '3');
INSERT INTO `cms_category` VALUES ('10', '亚洲', '3');
INSERT INTO `cms_category` VALUES ('11', '欧洲', '3');
INSERT INTO `cms_category` VALUES ('12', '非洲', '3');
INSERT INTO `cms_category` VALUES ('13', '新车', '4');
INSERT INTO `cms_category` VALUES ('14', 'SUV', '4');
INSERT INTO `cms_category` VALUES ('15', '汽车导购', '4');
INSERT INTO `cms_category` VALUES ('16', '用车', '4');
INSERT INTO `cms_category` VALUES ('17', 'NBA', '5');
INSERT INTO `cms_category` VALUES ('18', 'CBA', '5');
INSERT INTO `cms_category` VALUES ('19', '中超', '5');
INSERT INTO `cms_category` VALUES ('20', '意甲', '5');
INSERT INTO `cms_category` VALUES ('21', '电影', '6');
INSERT INTO `cms_category` VALUES ('22', '电视剧', '6');
INSERT INTO `cms_category` VALUES ('23', '综艺', '6');
INSERT INTO `cms_category` VALUES ('24', '明星八卦', '6');
INSERT INTO `cms_category` VALUES ('25', '段子', '7');
INSERT INTO `cms_category` VALUES ('26', '爆笑节目', '7');
INSERT INTO `cms_category` VALUES ('27', '童趣萌宠', '7');
INSERT INTO `cms_category` VALUES ('28', '雷人囧事', '7');
INSERT INTO `cms_category` VALUES ('29', '老图片', '9');
INSERT INTO `cms_category` VALUES ('30', '图片故事', '9');
INSERT INTO `cms_category` VALUES ('31', '摄影集', '9');
INSERT INTO `cms_category` VALUES ('32', '王者荣耀', '8');

-- ----------------------------
-- Table structure for `cms_channel`
-- ----------------------------
DROP TABLE IF EXISTS `cms_channel`;
CREATE TABLE `cms_channel` (
  `id` int(11) NOT NULL AUTO_INCREMENT,
  `name` varchar(30) DEFAULT NULL,
  `description` varchar(50) DEFAULT NULL,
  `icon` varchar(50) DEFAULT NULL,
  `sorted` int(11) DEFAULT NULL COMMENT '排序',
  PRIMARY KEY (`id`)
) ENGINE=InnoDB AUTO_INCREMENT=10 DEFAULT CHARSET=utf8;

-- ----------------------------
-- Records of cms_channel
-- ----------------------------
INSERT INTO `cms_channel` VALUES ('1', '科技', null, null, null);
INSERT INTO `cms_channel` VALUES ('2', '财经', null, null, null);
INSERT INTO `cms_channel` VALUES ('3', '国际', null, null, null);
INSERT INTO `cms_channel` VALUES ('4', '汽车', null, null, null);
INSERT INTO `cms_channel` VALUES ('5', '体育', null, null, null);
INSERT INTO `cms_channel` VALUES ('6', '娱乐', null, null, null);
INSERT INTO `cms_channel` VALUES ('7', '搞笑', null, null, null);
INSERT INTO `cms_channel` VALUES ('8', '游戏', '游戏游戏游戏游戏', null, null);
INSERT INTO `cms_channel` VALUES ('9', '图片', null, null, null);

-- ----------------------------
-- Table structure for `cms_collect`
-- ----------------------------
DROP TABLE IF EXISTS `cms_collect`;
CREATE TABLE `cms_collect` (
  `id` int(11) NOT NULL AUTO_INCREMENT,
  `text` varchar(200) DEFAULT NULL,
  `url` varchar(100) DEFAULT NULL,
  `created` datetime DEFAULT NULL,
  `user_id` int(11) DEFAULT NULL,
  PRIMARY KEY (`id`)
) ENGINE=InnoDB AUTO_INCREMENT=26 DEFAULT CHARSET=utf8;

-- ----------------------------
-- Records of cms_collect
-- ----------------------------
INSERT INTO `cms_collect` VALUES ('23', '卖电动车赚钱有多难？', 'http://127.0.0.1/article?id=2', '2019-11-23 11:06:09', '168');
INSERT INTO `cms_collect` VALUES ('24', '雷军股市往事：A股火爆身家一天暴涨150亿，港股破发说大势不好', 'http://127.0.0.1/article?id=1', '2019-11-23 11:06:34', '168');
INSERT INTO `cms_collect` VALUES ('25', '雷军股市往事：A股火爆身家一天暴涨150亿，港股破发说大势不好', 'http://127.0.0.1/article?id=1', '2019-11-23 11:07:40', '169');

-- ----------------------------
-- Table structure for `cms_comment`
-- ----------------------------
DROP TABLE IF EXISTS `cms_comment`;
CREATE TABLE `cms_comment` (
  `id` int(11) NOT NULL AUTO_INCREMENT,
  `user_id` int(11) DEFAULT NULL,
  `content` longtext,
  `created` date DEFAULT NULL,
  `article_id` int(11) DEFAULT NULL,
  PRIMARY KEY (`id`)
) ENGINE=InnoDB AUTO_INCREMENT=2 DEFAULT CHARSET=utf8mb4;

-- ----------------------------
-- Records of cms_comment
-- ----------------------------
INSERT INTO `cms_comment` VALUES ('1', '171', '哥们，你这一本正经的放屁呢？', '2019-12-20', '14');

-- ----------------------------
-- Table structure for `cms_complain`
-- ----------------------------
DROP TABLE IF EXISTS `cms_complain`;
CREATE TABLE `cms_complain` (
  `id` int(11) NOT NULL AUTO_INCREMENT,
  `url` varchar(255) DEFAULT NULL,
  `typename` varchar(255) DEFAULT NULL,
  `content` varchar(255) DEFAULT NULL,
  `picurl` varchar(255) DEFAULT NULL,
  `article_id` int(11) DEFAULT NULL,
  `user_id` int(11) DEFAULT NULL,
  `created` datetime DEFAULT NULL,
  PRIMARY KEY (`id`)
) ENGINE=InnoDB AUTO_INCREMENT=3 DEFAULT CHARSET=utf8mb4;

-- ----------------------------
-- Records of cms_complain
-- ----------------------------
INSERT INTO `cms_complain` VALUES ('1', 'http://localhost/article?id=2', '政治反动', '假的电动车假的电动车假的电动车假的电动车假的电动车假的电动车假的电动车', 'f5437a5e-936c-4a8d-8f4f-9acb33d1230e.gif', '2', '171', '2019-12-23 09:09:53');
INSERT INTO `cms_complain` VALUES ('2', 'http://localhost/article?id=1', '垃圾广告', '不想看', 'a2eb6118-40b6-41da-8cc0-bc31df91ff67.jpg', '1', '171', '2019-12-24 16:20:33');

-- ----------------------------
-- Table structure for `cms_links`
-- ----------------------------
DROP TABLE IF EXISTS `cms_links`;
CREATE TABLE `cms_links` (
  `id` int(11) NOT NULL AUTO_INCREMENT,
  `text` varchar(30) DEFAULT NULL,
  `url` varchar(100) DEFAULT NULL,
  `created` datetime DEFAULT NULL,
  PRIMARY KEY (`id`)
) ENGINE=InnoDB AUTO_INCREMENT=13 DEFAULT CHARSET=utf8;

-- ----------------------------
-- Records of cms_links
-- ----------------------------
INSERT INTO `cms_links` VALUES ('6', '京东', 'https://www.jd.com', '2019-08-22 10:28:33');
INSERT INTO `cms_links` VALUES ('7', '百度', 'https://www.baidu.com', null);
INSERT INTO `cms_links` VALUES ('8', '淘宝', 'https://www.taobao.com', '2019-08-22 11:15:13');
INSERT INTO `cms_links` VALUES ('11', '头条', 'https://www.toutiao.com/', '2019-11-23 09:04:37');
INSERT INTO `cms_links` VALUES ('12', '百度', 'https://www.baidu.com/', '2019-11-25 09:57:05');

-- ----------------------------
-- Table structure for `cms_settings`
-- ----------------------------
DROP TABLE IF EXISTS `cms_settings`;
CREATE TABLE `cms_settings` (
  `id` int(11) NOT NULL AUTO_INCREMENT,
  `site_domain` varchar(50) DEFAULT NULL,
  `site_name` varchar(50) DEFAULT NULL,
  `article_list_size` int(11) DEFAULT NULL,
  `slide_size` int(11) DEFAULT NULL,
  `admin_username` varchar(16) DEFAULT NULL,
  `admin_password` varchar(32) DEFAULT NULL,
  PRIMARY KEY (`id`)
) ENGINE=InnoDB DEFAULT CHARSET=utf8;

-- ----------------------------
-- Records of cms_settings
-- ----------------------------

-- ----------------------------
-- Table structure for `cms_shoucang`
-- ----------------------------
DROP TABLE IF EXISTS `cms_shoucang`;
CREATE TABLE `cms_shoucang` (
  `id` int(11) NOT NULL AUTO_INCREMENT,
  `text` varchar(255) DEFAULT NULL,
  `url` varchar(255) DEFAULT NULL,
  `user_id` int(11) DEFAULT NULL,
  `created` datetime DEFAULT NULL,
  PRIMARY KEY (`id`)
) ENGINE=InnoDB AUTO_INCREMENT=279 DEFAULT CHARSET=utf8mb4;

-- ----------------------------
-- Records of cms_shoucang
-- ----------------------------
INSERT INTO `cms_shoucang` VALUES ('6', '\r\nTelegram：即时通讯服务不会整合 TON Wallet 加密货币钱包', null, null, '2020-02-18 10:21:01');
INSERT INTO `cms_shoucang` VALUES ('273', '\r\n30亿欧元“赞助”环球，腾讯在2019年最后一天，下了步闲棋', null, null, '2020-02-18 11:09:02');
INSERT INTO `cms_shoucang` VALUES ('274', '\r\n《梁祝》经典的当代重构', null, null, '2020-02-18 11:09:20');
INSERT INTO `cms_shoucang` VALUES ('275', '\r\n38城平均月薪8829元 网友：把马云马化腾也平均了？', null, null, '2020-02-12 11:09:31');
INSERT INTO `cms_shoucang` VALUES ('278', '38城平均月薪8829元 网友：把马云马化腾也平均了', null, null, '2020-02-18 11:57:33');

-- ----------------------------
-- Table structure for `cms_slide`
-- ----------------------------
DROP TABLE IF EXISTS `cms_slide`;
CREATE TABLE `cms_slide` (
  `id` int(11) NOT NULL AUTO_INCREMENT,
  `title` varchar(50) DEFAULT NULL,
  `picture` varchar(50) DEFAULT NULL,
  `url` varchar(50) DEFAULT NULL,
  PRIMARY KEY (`id`)
) ENGINE=InnoDB AUTO_INCREMENT=4 DEFAULT CHARSET=utf8;

-- ----------------------------
-- Records of cms_slide
-- ----------------------------
INSERT INTO `cms_slide` VALUES ('1', '', '', '1.jpg');
INSERT INTO `cms_slide` VALUES ('2', '', null, '2.jpg');
INSERT INTO `cms_slide` VALUES ('3', '', null, '3.jpg');

-- ----------------------------
-- Table structure for `cms_user`
-- ----------------------------
DROP TABLE IF EXISTS `cms_user`;
CREATE TABLE `cms_user` (
  `id` int(11) NOT NULL AUTO_INCREMENT,
  `username` varchar(20) DEFAULT NULL,
  `password` varchar(50) DEFAULT NULL,
  `nickname` varchar(20) DEFAULT NULL,
  `birthday` date DEFAULT NULL,
  `gender` int(11) DEFAULT NULL,
  `locked` int(11) DEFAULT '0' COMMENT '0:正常,1:禁用',
  `created` datetime DEFAULT NULL,
  `updated` datetime DEFAULT NULL,
  `role` varchar(1) DEFAULT '0' COMMENT '0:普通用户,1:管理员',
  `url` varchar(200) DEFAULT NULL COMMENT '个人博客网址',
  PRIMARY KEY (`id`)
) ENGINE=InnoDB AUTO_INCREMENT=173 DEFAULT CHARSET=utf8;

-- ----------------------------
-- Records of cms_user
-- ----------------------------
INSERT INTO `cms_user` VALUES ('137', 'nb', '8d1c9457e01d9803f1caaeab87c8c07a', '牛百', '2019-10-10', '1', '0', '2019-10-03 09:58:41', '2019-10-03 09:58:41', '0', null);
INSERT INTO `cms_user` VALUES ('138', '王三', '8d1c9457e01d9803f1caaeab87c8c07a', 'wangsan', '2019-10-10', '0', '0', '2019-10-03 09:58:41', '2019-10-23 09:58:44', '0', null);
INSERT INTO `cms_user` VALUES ('152', 'zl', '8d1c9457e01d9803f1caaeab87c8c07a', '赵六', null, '1', '0', '2019-10-22 11:12:02', '2019-10-22 11:12:02', '0', null);
INSERT INTO `cms_user` VALUES ('153', 'admin', '8d1c9457e01d9803f1caaeab87c8c07a', '管理员', null, '1', '0', '2019-10-22 11:12:02', '2019-10-22 11:12:02', '1', null);
INSERT INTO `cms_user` VALUES ('155', '今天头条', '8d1c9457e01d9803f1caaeab87c8c07a', '今天头条', null, '1', '0', '2019-10-22 11:12:02', '2019-10-22 11:12:02', '0', 'https://www.jd.com/');
INSERT INTO `cms_user` VALUES ('156', '田七', '8d1c9457e01d9803f1caaeab87c8c07a', '田七', null, '1', '0', '2019-11-07 16:06:45', '2019-11-07 16:06:45', '0', null);
INSERT INTO `cms_user` VALUES ('157', '李四', '8d1c9457e01d9803f1caaeab87c8c07a', '李四', null, '1', '0', '2019-11-07 16:08:57', '2019-11-07 16:08:57', '0', null);
INSERT INTO `cms_user` VALUES ('159', 'bawei', '8d1c9457e01d9803f1caaeab87c8c07a', 'bawei', null, '1', '1', '2019-11-08 13:12:23', '2019-11-08 13:12:23', '0', null);
INSERT INTO `cms_user` VALUES ('160', '1707E', '8d1c9457e01d9803f1caaeab87c8c07a', '1707E', null, '1', '0', '2019-11-12 14:17:22', '2019-11-12 14:17:22', '0', null);
INSERT INTO `cms_user` VALUES ('168', '1708', '8d1c9457e01d9803f1caaeab87c8c07a', null, null, '1', '0', null, null, '0', null);
INSERT INTO `cms_user` VALUES ('169', '1708d', '8d1c9457e01d9803f1caaeab87c8c07a', null, null, '1', '1', '2019-11-20 10:50:06', null, '0', null);
INSERT INTO `cms_user` VALUES ('170', '顺子', '8d1c9457e01d9803f1caaeab87c8c07a', '顺子', null, '0', '0', '2019-12-17 19:31:48', null, '1', null);
INSERT INTO `cms_user` VALUES ('171', '顺子1', '8d1c9457e01d9803f1caaeab87c8c07a', '顺子1', '2019-12-19', '0', '0', '2019-12-17 19:51:57', null, '0', null);
INSERT INTO `cms_user` VALUES ('172', '123456', '8d1c9457e01d9803f1caaeab87c8c07a', '123456', null, '0', '0', '2019-12-23 13:00:15', null, '0', null);
